<?xml version = '1.0' encoding = 'UTF-8'?>
<UserOraclev10g class="oracle.dbtools.crest.model.design.storage.oracle.v10g.UserOraclev10g" name="SYSTEM" directorySegmentName="seg_0" id="03159CB8-03AD-C84A-9680-93425098BA85">
<sourceConnName>XE</sourceConnName>
<sourceObjName>SYSTEM</sourceObjName>
<createdBy>exequ</createdBy>
<createdTime>2025-09-16 01:10:39 UTC</createdTime>
<ownerDesignName>s2exp4</ownerDesignName>
<schemaObject>6263E261-1A61-1DBD-B5DE-D09A27ABAFCE</schemaObject>
</UserOraclev10g>