<?xml version = '1.0' encoding = 'UTF-8'?>
<relationalModel class="oracle.dbtools.crest.model.design.relational.RelationalDesign" name="Relational_1" id="122EB8D6-BA77-EF31-DD21-1DCD9BD5E13C" mainViewID="3D226106-27B5-5CF9-7C2E-DF3D1A1BE2C7">
<createdBy>exequ</createdBy>
<createdTime>2025-09-16 01:08:25 UTC</createdTime>
<ownerDesignName>s2exp4</ownerDesignName>
<shouldBeOpen>false</shouldBeOpen>
<selectedRDBMSSite>01F6E6D1-21D0-CFBD-ABDD-3988D1813575</selectedRDBMSSite>
<importConnectionStamps>
<importConnectionStamp class="oracle.dbtools.crest.imports.DBConnectionStamp">
<connName>XE</connName>
<connUser>SYSTEM</connUser>
<connType>1</connType>
</importConnectionStamp>
</importConnectionStamps>
</relationalModel>