<?xml version = '1.0' encoding = 'UTF-8'?>
<Entity class="oracle.dbtools.crest.model.design.logical.Entity" directorySegmentName="seg_0" id="80F8231A-E535-5D78-5C7E-60E98A1BD0F0" name="AFP">
<createdBy>exequ</createdBy>
<createdTime>2025-09-16 01:11:27 UTC</createdTime>
<generatorID>0FC29729-D21C-125C-909F-93602CC1ED84</generatorID>
<ownerDesignName>s2exp4</ownerDesignName>
<engineerTo>
<item key="122EB8D6-BA77-EF31-DD21-1DCD9BD5E13C" value="true"/>
</engineerTo>
<adequatelyNormalized>NO</adequatelyNormalized>
<expectedVolumes>0</expectedVolumes>
<fwdEngineeringStrategyName>Single Table</fwdEngineeringStrategyName>
<growthPercent>0</growthPercent>
<growthType>Year</growthType>
<maxVolumes>9999999</maxVolumes>
<minVolumes>0</minVolumes>
<normalForm>Third</normalForm>
<attributes itemClass="oracle.dbtools.crest.model.design.logical.Attribute">
<Attribute name="ID AFP" id="0B00276B-8A24-B59F-9BE2-CD9A5A4FDBC7">
<createdBy>exequ</createdBy>
<createdTime>2025-09-16 01:11:27 UTC</createdTime>
<generatorID>DCB1EB8B-9CC7-3EBE-8B4A-7C4CE2D20BF8</generatorID>
<ownerDesignName>s2exp4</ownerDesignName>
<engineerTo>
<item key="122EB8D6-BA77-EF31-DD21-1DCD9BD5E13C" value="true"/>
</engineerTo>
<useDomainConstraints>false</useDomainConstraints>
<use>1</use>
<logicalDatatype>LOGDT019</logicalDatatype>
<dataTypePrecision>5</dataTypePrecision>
<dataTypeScale>0</dataTypeScale>
<ownDataTypeParameters>,5,0</ownDataTypeParameters>
</Attribute>
<Attribute name="NOMBRE AFP" id="D2DB6B68-FAB6-A110-7412-CAB7CAC92098">
<createdBy>exequ</createdBy>
<createdTime>2025-09-16 01:11:27 UTC</createdTime>
<generatorID>77D99C84-E94E-4B26-2B66-1696344B0713</generatorID>
<ownerDesignName>s2exp4</ownerDesignName>
<engineerTo>
<item key="122EB8D6-BA77-EF31-DD21-1DCD9BD5E13C" value="true"/>
</engineerTo>
<useDomainConstraints>false</useDomainConstraints>
<use>1</use>
<logicalDatatype>LOGDT024</logicalDatatype>
<dataTypeSize>50 CHAR</dataTypeSize>
<ownDataTypeParameters>50 CHAR,,</ownDataTypeParameters>
</Attribute>
</attributes>
<identifiers itemClass="oracle.dbtools.crest.model.design.logical.CandidateKey">
<identifier id="DB0539C1-B29C-D41B-3480-713B0BBF6618" name="AFP PK">
<createdBy>exequ</createdBy>
<createdTime>2025-09-16 01:11:27 UTC</createdTime>
<generatorID>F1DFD34A-126E-60B8-BE39-9FFD392C770D</generatorID>
<ownerDesignName>s2exp4</ownerDesignName>
<engineerTo>
<item key="122EB8D6-BA77-EF31-DD21-1DCD9BD5E13C" value="true"/>
</engineerTo>
<pk>true</pk>
<usedAttributes>
<attributeRef>0B00276B-8A24-B59F-9BE2-CD9A5A4FDBC7</attributeRef>
</usedAttributes>
</identifier>
</identifiers>
</Entity>