<?xml version = '1.0' encoding = 'UTF-8'?>
<Entity class="oracle.dbtools.crest.model.design.logical.Entity" directorySegmentName="seg_0" id="DC53F3DB-3543-0D62-0AFF-15430CC25968" name="ATENCION EXAMEN">
<createdBy>exequ</createdBy>
<createdTime>2025-09-16 01:11:27 UTC</createdTime>
<generatorID>3F7292EA-03AB-11E9-5DAF-F31664FCE517</generatorID>
<ownerDesignName>s2exp4</ownerDesignName>
<engineerTo>
<item key="122EB8D6-BA77-EF31-DD21-1DCD9BD5E13C" value="true"/>
</engineerTo>
<adequatelyNormalized>NO</adequatelyNormalized>
<expectedVolumes>0</expectedVolumes>
<fwdEngineeringStrategyName>Single Table</fwdEngineeringStrategyName>
<growthPercent>0</growthPercent>
<growthType>Year</growthType>
<maxVolumes>9999999</maxVolumes>
<minVolumes>0</minVolumes>
<normalForm>Third</normalForm>
<attributes itemClass="oracle.dbtools.crest.model.design.logical.Attribute">
<Attribute name="ID ATENCION" id="177A9BA5-87E4-2C94-150E-FE0EF9444E71">
<createdBy>exequ</createdBy>
<createdTime>2025-09-16 01:11:27 UTC</createdTime>
<generatorID>B533EDC6-C87C-69D3-992C-49047FB76496</generatorID>
<ownerDesignName>s2exp4</ownerDesignName>
<engineerTo>
<item key="122EB8D6-BA77-EF31-DD21-1DCD9BD5E13C" value="true"/>
</engineerTo>
<referedAttribute>EA7EE40B-020C-2B79-37BC-7E5170EE9DC4</referedAttribute>
<useDomainConstraints>false</useDomainConstraints>
<use>1</use>
<logicalDatatype>LOGDT019</logicalDatatype>
<dataTypePrecision>10</dataTypePrecision>
<dataTypeScale>0</dataTypeScale>
<ownDataTypeParameters>,,</ownDataTypeParameters>
</Attribute>
<Attribute name="ID EXAMEN" id="B7F5D605-BC0F-4448-1F72-610CF47F48B9">
<createdBy>exequ</createdBy>
<createdTime>2025-09-16 01:11:27 UTC</createdTime>
<generatorID>C4074A9B-2463-21CB-3D2B-603637B7AA47</generatorID>
<ownerDesignName>s2exp4</ownerDesignName>
<engineerTo>
<item key="122EB8D6-BA77-EF31-DD21-1DCD9BD5E13C" value="true"/>
</engineerTo>
<referedAttribute>3DC07932-1E54-6831-434B-6C54407C25DA</referedAttribute>
<useDomainConstraints>false</useDomainConstraints>
<use>1</use>
<logicalDatatype>LOGDT019</logicalDatatype>
<dataTypePrecision>10</dataTypePrecision>
<dataTypeScale>0</dataTypeScale>
<ownDataTypeParameters>,,</ownDataTypeParameters>
</Attribute>
<Attribute name="ATENCION MEDICA HORA ATENCION" id="3B8F2344-BC3C-CA2D-A19E-D915A1C7307C">
<createdBy>exequ</createdBy>
<createdTime>2025-09-16 01:26:51 UTC</createdTime>
<generatorID>B533EDC6-C87C-69D3-992C-49047FB76496</generatorID>
<ownerDesignName>s2exp4</ownerDesignName>
<engineerTo>
<item key="122EB8D6-BA77-EF31-DD21-1DCD9BD5E13C" value="true"/>
</engineerTo>
<referedAttribute>4AFC2B2B-0A2F-624C-22AA-F8A8E2348090</referedAttribute>
<useDomainConstraints>false</useDomainConstraints>
<use>1</use>
<logicalDatatype>LOGDT024</logicalDatatype>
<dataTypeSize>5 CHAR</dataTypeSize>
<ownDataTypeParameters>,,</ownDataTypeParameters>
</Attribute>
</attributes>
<identifiers itemClass="oracle.dbtools.crest.model.design.logical.CandidateKey">
<identifier id="6A11B3B0-888C-ED2E-4BC5-E2753CE1CE9E" name="ATENCION EXAMEN PK">
<createdBy>exequ</createdBy>
<createdTime>2025-09-16 01:11:27 UTC</createdTime>
<generatorID>82FB837D-94CC-35D7-4AA6-138909945F47</generatorID>
<ownerDesignName>s2exp4</ownerDesignName>
<engineerTo>
<item key="122EB8D6-BA77-EF31-DD21-1DCD9BD5E13C" value="true"/>
</engineerTo>
<pk>true</pk>
<usedAttributes>
<attributeRef>B7F5D605-BC0F-4448-1F72-610CF47F48B9</attributeRef>
</usedAttributes>
</identifier>
</identifiers>
</Entity>