<?xml version = '1.0' encoding = 'UTF-8'?>
<Entity class="oracle.dbtools.crest.model.design.logical.Entity" directorySegmentName="seg_0" id="EB9F0054-6B76-DC15-84BE-9285F77B53AB" name="UNIDAD ATENCION">
<createdBy>exequ</createdBy>
<createdTime>2025-09-16 01:11:28 UTC</createdTime>
<generatorID>66512771-24DE-A451-FBC7-2BE3A22D3622</generatorID>
<ownerDesignName>s2exp4</ownerDesignName>
<engineerTo>
<item key="122EB8D6-BA77-EF31-DD21-1DCD9BD5E13C" value="true"/>
</engineerTo>
<adequatelyNormalized>NO</adequatelyNormalized>
<expectedVolumes>0</expectedVolumes>
<fwdEngineeringStrategyName>Single Table</fwdEngineeringStrategyName>
<growthPercent>0</growthPercent>
<growthType>Year</growthType>
<maxVolumes>9999999</maxVolumes>
<minVolumes>0</minVolumes>
<normalForm>Third</normalForm>
<attributes itemClass="oracle.dbtools.crest.model.design.logical.Attribute">
<Attribute name="ID UNIDAD" id="34ABFBB9-60B1-3099-F875-B820E0C3831F">
<createdBy>exequ</createdBy>
<createdTime>2025-09-16 01:11:28 UTC</createdTime>
<generatorID>395BECAC-D8E6-694E-92B4-A9E700014D03</generatorID>
<ownerDesignName>s2exp4</ownerDesignName>
<engineerTo>
<item key="122EB8D6-BA77-EF31-DD21-1DCD9BD5E13C" value="true"/>
</engineerTo>
<useDomainConstraints>false</useDomainConstraints>
<use>1</use>
<logicalDatatype>LOGDT019</logicalDatatype>
<dataTypePrecision>3</dataTypePrecision>
<dataTypeScale>0</dataTypeScale>
<ownDataTypeParameters>,3,0</ownDataTypeParameters>
</Attribute>
<Attribute name="NOMBRE" id="A89301A0-AD55-C6A7-1AF5-643DC2489817">
<createdBy>exequ</createdBy>
<createdTime>2025-09-16 01:11:28 UTC</createdTime>
<generatorID>5F676E4C-3749-295B-CC87-6C67B5B526CA</generatorID>
<ownerDesignName>s2exp4</ownerDesignName>
<engineerTo>
<item key="122EB8D6-BA77-EF31-DD21-1DCD9BD5E13C" value="true"/>
</engineerTo>
<useDomainConstraints>false</useDomainConstraints>
<use>1</use>
<logicalDatatype>LOGDT024</logicalDatatype>
<dataTypeSize>50 CHAR</dataTypeSize>
<ownDataTypeParameters>50 CHAR,,</ownDataTypeParameters>
</Attribute>
</attributes>
<identifiers itemClass="oracle.dbtools.crest.model.design.logical.CandidateKey">
<identifier id="2E53987B-592D-EEB7-AB8A-49941DEE0C94" name="UNIDAD ATENCION PK">
<createdBy>exequ</createdBy>
<createdTime>2025-09-16 01:11:28 UTC</createdTime>
<generatorID>1FE65C8E-BB53-D6DC-957F-3E6FF80E9728</generatorID>
<ownerDesignName>s2exp4</ownerDesignName>
<engineerTo>
<item key="122EB8D6-BA77-EF31-DD21-1DCD9BD5E13C" value="true"/>
</engineerTo>
<pk>true</pk>
<usedAttributes>
<attributeRef>34ABFBB9-60B1-3099-F875-B820E0C3831F</attributeRef>
</usedAttributes>
</identifier>
</identifiers>
</Entity>