<?xml version = '1.0' encoding = 'UTF-8'?>
<Diagram class="oracle.dbtools.crest.swingui.logical.DPVLogical" name="Logical" id="568EAF17-A0B2-C2CA-33B7-AEC27FB6D9FD">
<createdBy>exequ</createdBy>
<modifiedBy>exequ</modifiedBy>
<createdTime>2025-09-16 01:11:27 UTC</createdTime>
<autoRoute>false</autoRoute>
<boxInbox>true</boxInbox>
<showLegend>false</showLegend>
<showLabels>false</showLabels>
<showRelAttributes>false</showRelAttributes>
<gridEnabled>false</gridEnabled>
<showGrid>false</showGrid>
<diagramColor>-1</diagramColor>
<display>false</display>
<notation>2</notation>
<objectViews>
<OView class="oracle.dbtools.crest.swingui.logical.TVEntity" oid="3EE42B27-692E-92D9-B7F3-BA172FD82BDC" otype="Entity" vid="9E8679E5-B36C-786F-5F0A-85FC348F3F2F">
<hideElementsInCurrentOnly>false</hideElementsInCurrentOnly>
<bounds x="982" y="20" width="277" height="102"/>
</OView>
<OView class="oracle.dbtools.crest.swingui.logical.TVEntity" oid="41579144-E330-F782-0C5D-D6FD0B715A53" otype="Entity" vid="42E6215D-59A6-17DA-0A05-1C9D80A32613">
<hideElementsInCurrentOnly>false</hideElementsInCurrentOnly>
<bounds x="600" y="188" width="265" height="192"/>
</OView>
<OView class="oracle.dbtools.crest.swingui.logical.TVEntity" oid="65140C1F-87B8-7875-7B40-3EC2B91DB38D" otype="Entity" vid="ACEB1A3F-9446-8CCD-501B-C5EB65324998">
<hideElementsInCurrentOnly>false</hideElementsInCurrentOnly>
<bounds x="432" y="648" width="279" height="108"/>
</OView>
<OView class="oracle.dbtools.crest.swingui.logical.TVEntity" oid="80F8231A-E535-5D78-5C7E-60E98A1BD0F0" otype="Entity" vid="A3BD4B78-CC76-C3F9-7975-0D31382A8908">
<hideElementsInCurrentOnly>false</hideElementsInCurrentOnly>
<bounds x="1098" y="440" width="237" height="74"/>
</OView>
<OView class="oracle.dbtools.crest.swingui.logical.TVEntity" oid="A777A436-B722-24A5-9DB2-7C36C9C2C677" otype="Entity" vid="53F61993-6F6C-D4C3-FBCB-FD7CD1C30C9A">
<hideElementsInCurrentOnly>false</hideElementsInCurrentOnly>
<bounds x="742" y="440" width="276" height="290"/>
</OView>
<OView class="oracle.dbtools.crest.swingui.logical.TVEntity" oid="B4219885-EC04-5727-E92F-4B50B3C67103" otype="Entity" vid="F119E949-B2FF-A5B8-C98E-D44F06E21531">
<hideElementsInCurrentOnly>false</hideElementsInCurrentOnly>
<bounds x="233" y="221" width="278" height="136"/>
</OView>
<OView class="oracle.dbtools.crest.swingui.logical.TVEntity" oid="CC549482-BE59-66B1-4FB7-EF81A2F6D6B6" otype="Entity" vid="85576613-A39E-8CDE-C49A-129D7AFA596F">
<hideElementsInCurrentOnly>false</hideElementsInCurrentOnly>
<bounds x="20" y="636" width="363" height="136"/>
</OView>
<OView class="oracle.dbtools.crest.swingui.logical.TVEntity" oid="DC53F3DB-3543-0D62-0AFF-15430CC25968" otype="Entity" vid="1462256C-1784-5F73-6746-DE4FC9EC526B">
<hideElementsInCurrentOnly>false</hideElementsInCurrentOnly>
<bounds x="600" y="20" width="302" height="108"/>
</OView>
<OView class="oracle.dbtools.crest.swingui.logical.TVEntity" oid="DE8D127F-74D4-D97F-7A53-F47045EDF2B0" otype="Entity" vid="422C590C-0079-450D-9925-46E6FADD79F8">
<hideElementsInCurrentOnly>false</hideElementsInCurrentOnly>
<bounds x="1098" y="534" width="257" height="74"/>
</OView>
<OView class="oracle.dbtools.crest.swingui.logical.TVEntity" oid="E1E01A0F-5CF6-47A8-1FD4-B13BAE6416C8" otype="Entity" vid="C6818BBD-7A87-BCA0-9C2C-29E1ED3FE42E">
<hideElementsInCurrentOnly>false</hideElementsInCurrentOnly>
<bounds x="1435" y="468" width="233" height="108"/>
</OView>
<OView class="oracle.dbtools.crest.swingui.logical.TVEntity" oid="EB9F0054-6B76-DC15-84BE-9285F77B53AB" otype="Entity" vid="E605D766-EA48-4CAF-927B-CF0A97936938">
<hideElementsInCurrentOnly>false</hideElementsInCurrentOnly>
<bounds x="742" y="790" width="220" height="74"/>
</OView>
<OView class="oracle.dbtools.crest.swingui.logical.TVEntity" oid="EE2464B1-DFCB-6868-77BC-AD221DE95FC6" otype="Entity" vid="321F510A-16B0-B4BD-31BC-16A99003246C">
<hideElementsInCurrentOnly>false</hideElementsInCurrentOnly>
<bounds x="1098" y="628" width="252" height="74"/>
</OView>
<OView class="oracle.dbtools.crest.swingui.logical.TVEntity" oid="F90BE8DD-460D-37E0-5251-A3B05F4677BA" otype="Entity" vid="A9913126-C897-957E-E8CF-9E022F7B15D0">
<hideElementsInCurrentOnly>false</hideElementsInCurrentOnly>
<bounds x="1435" y="188" width="280" height="220"/>
</OView>
<OView class="oracle.dbtools.crest.swingui.logical.TVEntity" oid="F986F29D-2F4E-0BED-127F-342D1A890264" otype="Entity" vid="6782644E-E224-B509-0771-DCE58E40123D">
<hideElementsInCurrentOnly>false</hideElementsInCurrentOnly>
<bounds x="1435" y="636" width="228" height="74"/>
</OView>
</objectViews>
<connectors>
<Connector class="oracle.dbtools.crest.swingui.logical.TVRelation" oid="00D3EA21-860A-E3F8-50EF-53C05D0F1BAF" otype="Relation" vid_source="53F61993-6F6C-D4C3-FBCB-FD7CD1C30C9A" vid_target="42E6215D-59A6-17DA-0A05-1C9D80A32613">
<hideElementsInCurrentOnly>false</hideElementsInCurrentOnly>
<backgroundColor>-16777216</backgroundColor>
<lineWidth>1</lineWidth>
<points>
<point x="803" y="440"/>
<point x="803" y="380"/>
</points>
</Connector>
<Connector class="oracle.dbtools.crest.swingui.logical.TVRelation" oid="0352E962-265D-422B-F448-7B8D54590637" otype="Relation" vid_source="42E6215D-59A6-17DA-0A05-1C9D80A32613" vid_target="F119E949-B2FF-A5B8-C98E-D44F06E21531">
<hideElementsInCurrentOnly>false</hideElementsInCurrentOnly>
<backgroundColor>-16777216</backgroundColor>
<lineWidth>1</lineWidth>
<points>
<point x="600" y="289"/>
<point x="511" y="289"/>
</points>
</Connector>
<Connector class="oracle.dbtools.crest.swingui.logical.TVRelation" oid="5A05AD16-EBE2-F4E1-1C09-3AB93EDEB16E" otype="Relation" vid_source="E605D766-EA48-4CAF-927B-CF0A97936938" vid_target="53F61993-6F6C-D4C3-FBCB-FD7CD1C30C9A">
<hideElementsInCurrentOnly>false</hideElementsInCurrentOnly>
<backgroundColor>-16777216</backgroundColor>
<lineWidth>1</lineWidth>
<points>
<point x="852" y="790"/>
<point x="852" y="730"/>
</points>
</Connector>
<Connector class="oracle.dbtools.crest.swingui.logical.TVRelation" oid="5E25E395-760A-6315-B093-DCC09F8FAAA3" otype="Relation" vid_source="321F510A-16B0-B4BD-31BC-16A99003246C" vid_target="53F61993-6F6C-D4C3-FBCB-FD7CD1C30C9A">
<hideElementsInCurrentOnly>false</hideElementsInCurrentOnly>
<backgroundColor>-16777216</backgroundColor>
<lineWidth>1</lineWidth>
<points>
<point x="1098" y="665"/>
<point x="1018" y="665"/>
</points>
</Connector>
<Connector class="oracle.dbtools.crest.swingui.logical.TVRelation" oid="66033555-D7B0-1FB4-BCA6-08CF48C1705D" otype="Relation" vid_source="422C590C-0079-450D-9925-46E6FADD79F8" vid_target="53F61993-6F6C-D4C3-FBCB-FD7CD1C30C9A">
<hideElementsInCurrentOnly>false</hideElementsInCurrentOnly>
<backgroundColor>-16777216</backgroundColor>
<lineWidth>1</lineWidth>
<points>
<point x="1098" y="571"/>
<point x="1018" y="571"/>
</points>
</Connector>
<Connector class="oracle.dbtools.crest.swingui.logical.TVRelation" oid="AF0272FA-A731-4CA3-1DDD-AD806CF79D78" otype="Relation" vid_source="A3BD4B78-CC76-C3F9-7975-0D31382A8908" vid_target="53F61993-6F6C-D4C3-FBCB-FD7CD1C30C9A">
<hideElementsInCurrentOnly>false</hideElementsInCurrentOnly>
<backgroundColor>-16777216</backgroundColor>
<lineWidth>1</lineWidth>
<points>
<point x="1098" y="477"/>
<point x="1018" y="477"/>
</points>
</Connector>
<Connector class="oracle.dbtools.crest.swingui.logical.TVRelation" oid="B533EDC6-C87C-69D3-992C-49047FB76496" otype="Relation" vid_source="42E6215D-59A6-17DA-0A05-1C9D80A32613" vid_target="1462256C-1784-5F73-6746-DE4FC9EC526B">
<hideElementsInCurrentOnly>false</hideElementsInCurrentOnly>
<backgroundColor>-16777216</backgroundColor>
<lineWidth>1</lineWidth>
<points>
<point x="732" y="188"/>
<point x="732" y="128"/>
</points>
</Connector>
<Connector class="oracle.dbtools.crest.swingui.logical.TVRelation" oid="C4074A9B-2463-21CB-3D2B-603637B7AA47" otype="Relation" vid_source="9E8679E5-B36C-786F-5F0A-85FC348F3F2F" vid_target="1462256C-1784-5F73-6746-DE4FC9EC526B">
<hideElementsInCurrentOnly>false</hideElementsInCurrentOnly>
<backgroundColor>-16777216</backgroundColor>
<lineWidth>1</lineWidth>
<points>
<point x="982" y="71"/>
<point x="902" y="71"/>
</points>
</Connector>
<Connector class="oracle.dbtools.crest.swingui.logical.TVRelation" oid="C9A6EF7A-4616-7B20-5061-4C2FA5FA443C" otype="Relation" vid_source="A9913126-C897-957E-E8CF-9E022F7B15D0" vid_target="42E6215D-59A6-17DA-0A05-1C9D80A32613">
<hideElementsInCurrentOnly>false</hideElementsInCurrentOnly>
<backgroundColor>-16777216</backgroundColor>
<lineWidth>1</lineWidth>
<points>
<point x="1435" y="284"/>
<point x="865" y="284"/>
</points>
</Connector>
<Connector class="oracle.dbtools.crest.swingui.logical.TVRelation" oid="D6D0976E-045F-16B6-A190-A69FC3CDD90B" otype="Relation" vid_source="C6818BBD-7A87-BCA0-9C2C-29E1ED3FE42E" vid_target="A9913126-C897-957E-E8CF-9E022F7B15D0">
<hideElementsInCurrentOnly>false</hideElementsInCurrentOnly>
<backgroundColor>-16777216</backgroundColor>
<lineWidth>1</lineWidth>
<points>
<point x="1551" y="468"/>
<point x="1551" y="408"/>
</points>
</Connector>
<Connector class="oracle.dbtools.crest.swingui.logical.TVRelation" oid="E0D03317-2220-EC5C-9B3F-569215490E27" otype="Relation" vid_source="F119E949-B2FF-A5B8-C98E-D44F06E21531" vid_target="ACEB1A3F-9446-8CCD-501B-C5EB65324998">
<hideElementsInCurrentOnly>false</hideElementsInCurrentOnly>
<backgroundColor>-16777216</backgroundColor>
<lineWidth>1</lineWidth>
<points>
<point x="471" y="357"/>
<point x="471" y="648"/>
</points>
</Connector>
<Connector class="oracle.dbtools.crest.swingui.logical.TVRelation" oid="F1D32665-C4B2-1AD7-E075-AF82F69C8C39" otype="Relation" vid_source="53F61993-6F6C-D4C3-FBCB-FD7CD1C30C9A" vid_target="53F61993-6F6C-D4C3-FBCB-FD7CD1C30C9A">
<hideElementsInCurrentOnly>false</hideElementsInCurrentOnly>
<backgroundColor>-16777216</backgroundColor>
<lineWidth>1</lineWidth>
<points>
<point x="1018" y="610"/>
<point x="1093" y="610"/>
<point x="1093" y="805"/>
<point x="904" y="805"/>
<point x="904" y="730"/>
</points>
</Connector>
<Connector class="oracle.dbtools.crest.swingui.logical.TVRelation" oid="F7BE1053-B379-4CD8-FD73-874D48F6539B" otype="Relation" vid_source="6782644E-E224-B509-0771-DCE58E40123D" vid_target="C6818BBD-7A87-BCA0-9C2C-29E1ED3FE42E">
<hideElementsInCurrentOnly>false</hideElementsInCurrentOnly>
<backgroundColor>-16777216</backgroundColor>
<lineWidth>1</lineWidth>
<points>
<point x="1549" y="636"/>
<point x="1549" y="576"/>
</points>
</Connector>
<Connector class="oracle.dbtools.crest.swingui.logical.TVRelation" oid="FE3161F6-9147-E3BE-AC98-8FD9D40077D9" otype="Relation" vid_source="F119E949-B2FF-A5B8-C98E-D44F06E21531" vid_target="85576613-A39E-8CDE-C49A-129D7AFA596F">
<hideElementsInCurrentOnly>false</hideElementsInCurrentOnly>
<backgroundColor>-16777216</backgroundColor>
<lineWidth>1</lineWidth>
<points>
<point x="308" y="357"/>
<point x="308" y="636"/>
</points>
</Connector>
</connectors>
</Diagram>