<?xml version = '1.0' encoding = 'UTF-8'?>
<FKIndexAssociation class="oracle.dbtools.crest.model.design.relational.FKIndexAssociation" directorySegmentName="seg_0" id="1DF157DA-CBEA-306B-1CD9-81919EDAB2C7" containerWithKeyObject="509C4944-C276-B36D-C471-54376DACB974" localFKIndex="DEC7445C-4804-63D4-F5A8-93908F474315" name="PAGO_CONVENIO_MEDIO_FK">
<sourceConnName>XE</sourceConnName>
<sourceObjSchema>SYSTEM</sourceObjSchema>
<sourceObjName>PAGO_CONVENIO_MEDIO_FK</sourceObjName>
<createdBy>exequ</createdBy>
<createdTime>2025-09-16 01:10:41 UTC</createdTime>
<ownerDesignName>s2exp4</ownerDesignName>
<referredTableLongName>MEDIO_PAGO</referredTableLongName>
<deleteRule>NO ACTION</deleteRule>
<referredTableID>172BF49D-A531-57FF-987C-571369B68105</referredTableID>
<keyObject>B91E87DD-A541-DED4-D004-647284E23BB2</keyObject>
<referredKeyID>B91E87DD-A541-DED4-D004-647284E23BB2</referredKeyID>
<mandatory>true</mandatory>
<refColNames>ID_MEDIO_PAGO</refColNames>
<transferable>true</transferable>
<rely>false</rely>
<columnDependencyConstraintGenerateInDDL>true</columnDependencyConstraintGenerateInDDL>
</FKIndexAssociation>