<?xml version = '1.0' encoding = 'UTF-8'?>
<FKIndexAssociation class="oracle.dbtools.crest.model.design.relational.FKIndexAssociation" directorySegmentName="seg_0" id="2F8011CA-6015-CE7F-2E12-878907EA0B14" containerWithKeyObject="3F7292EA-03AB-11E9-5DAF-F31664FCE517" localFKIndex="C5F5F9F3-22EC-B1C2-AEFB-4CB659570552" name="ATENCION_EXAMEN_EXAMEN_FK">
<sourceConnName>XE</sourceConnName>
<sourceObjSchema>SYSTEM</sourceObjSchema>
<sourceObjName>ATENCION_EXAMEN_EXAMEN_FK</sourceObjName>
<createdBy>exequ</createdBy>
<createdTime>2025-09-16 01:10:41 UTC</createdTime>
<ownerDesignName>s2exp4</ownerDesignName>
<referredTableLongName>EXAMEN</referredTableLongName>
<deleteRule>NO ACTION</deleteRule>
<referredTableID>5304DE5D-9AE9-CD47-7582-35441E03E0AA</referredTableID>
<keyObject>0DA09206-4B06-D6FD-4B93-1ABE966CE342</keyObject>
<referredKeyID>0DA09206-4B06-D6FD-4B93-1ABE966CE342</referredKeyID>
<mandatory>true</mandatory>
<refColNames>ID_EXAMEN</refColNames>
<transferable>true</transferable>
<rely>false</rely>
<columnDependencyConstraintGenerateInDDL>true</columnDependencyConstraintGenerateInDDL>
</FKIndexAssociation>