<?xml version = '1.0' encoding = 'UTF-8'?>
<FKIndexAssociation class="oracle.dbtools.crest.model.design.relational.FKIndexAssociation" directorySegmentName="seg_0" id="3213BD77-5D79-7CF6-B633-F9F6AE1FBE4C" containerWithKeyObject="172BF49D-A531-57FF-987C-571369B68105" localFKIndex="5E5F247C-364F-0E8E-EC0A-93C8BB5E046B" name="MEDIO_PAGO_ATENCION_FK">
<sourceConnName>XE</sourceConnName>
<sourceObjSchema>SYSTEM</sourceObjSchema>
<sourceObjName>MEDIO_PAGO_ATENCION_FK</sourceObjName>
<createdBy>exequ</createdBy>
<createdTime>2025-09-16 01:10:41 UTC</createdTime>
<ownerDesignName>s2exp4</ownerDesignName>
<referredTableLongName>ATENCION_MEDICA</referredTableLongName>
<deleteRule>NO ACTION</deleteRule>
<referredTableID>06FDB78C-14E9-DB94-1D5C-32794EBCA40A</referredTableID>
<keyObject>5A6B6086-2C98-14D9-B477-1FDAEFB94F6C</keyObject>
<referredKeyID>5A6B6086-2C98-14D9-B477-1FDAEFB94F6C</referredKeyID>
<mandatory>true</mandatory>
<refColNames>ID_ATENCION,HORA_ATENCION</refColNames>
<transferable>true</transferable>
<rely>false</rely>
<columnDependencyConstraintGenerateInDDL>true</columnDependencyConstraintGenerateInDDL>
</FKIndexAssociation>