<?xml version = '1.0' encoding = 'UTF-8'?>
<FKIndexAssociation class="oracle.dbtools.crest.model.design.relational.FKIndexAssociation" directorySegmentName="seg_0" id="3574A796-D6A3-E0FB-0F98-31B05C093DA7" containerWithKeyObject="FBA28A5A-8600-B9E8-54DA-85416B13D46E" localFKIndex="C088BC5A-E87E-511D-640B-F3711105D4DA" name="MEDICO_AFP_FK">
<sourceConnName>XE</sourceConnName>
<sourceObjSchema>SYSTEM</sourceObjSchema>
<sourceObjName>MEDICO_AFP_FK</sourceObjName>
<createdBy>exequ</createdBy>
<createdTime>2025-09-16 01:10:41 UTC</createdTime>
<ownerDesignName>s2exp4</ownerDesignName>
<referredTableLongName>AFP</referredTableLongName>
<deleteRule>NO ACTION</deleteRule>
<referredTableID>0FC29729-D21C-125C-909F-93602CC1ED84</referredTableID>
<keyObject>F1DFD34A-126E-60B8-BE39-9FFD392C770D</keyObject>
<referredKeyID>F1DFD34A-126E-60B8-BE39-9FFD392C770D</referredKeyID>
<mandatory>true</mandatory>
<refColNames>ID_AFP</refColNames>
<transferable>true</transferable>
<rely>false</rely>
<columnDependencyConstraintGenerateInDDL>true</columnDependencyConstraintGenerateInDDL>
</FKIndexAssociation>