<?xml version = '1.0' encoding = 'UTF-8'?>
<FKIndexAssociation class="oracle.dbtools.crest.model.design.relational.FKIndexAssociation" directorySegmentName="seg_0" id="4685294E-047A-9940-B94E-1C0A6CA1B203" containerWithKeyObject="4047F44E-6E84-37CC-BB15-3AC280278558" localFKIndex="E16610DC-0E4E-3034-4451-7479A3F6B199" name="PACIENTE_COMUNA_FK">
<sourceConnName>XE</sourceConnName>
<sourceObjSchema>SYSTEM</sourceObjSchema>
<sourceObjName>PACIENTE_COMUNA_FK</sourceObjName>
<createdBy>exequ</createdBy>
<createdTime>2025-09-16 01:10:41 UTC</createdTime>
<ownerDesignName>s2exp4</ownerDesignName>
<referredTableLongName>COMUNA</referredTableLongName>
<deleteRule>NO ACTION</deleteRule>
<referredTableID>966C4C7A-0FB6-AD0E-051A-23F502F1B0F3</referredTableID>
<keyObject>85DD149D-77F8-36BB-749D-1DF67735F0F4</keyObject>
<referredKeyID>85DD149D-77F8-36BB-749D-1DF67735F0F4</referredKeyID>
<mandatory>true</mandatory>
<refColNames>ID_COMUNA</refColNames>
<transferable>true</transferable>
<rely>false</rely>
<columnDependencyConstraintGenerateInDDL>true</columnDependencyConstraintGenerateInDDL>
</FKIndexAssociation>