<?xml version = '1.0' encoding = 'UTF-8'?>
<FKIndexAssociation class="oracle.dbtools.crest.model.design.relational.FKIndexAssociation" directorySegmentName="seg_0" id="613364D6-1528-0657-C627-B5714E275217" containerWithKeyObject="966C4C7A-0FB6-AD0E-051A-23F502F1B0F3" localFKIndex="B685A90D-6CE6-2804-7E2E-06A2C619BC7D" name="COMUNA_REGION_FK">
<sourceConnName>XE</sourceConnName>
<sourceObjSchema>SYSTEM</sourceObjSchema>
<sourceObjName>COMUNA_REGION_FK</sourceObjName>
<createdBy>exequ</createdBy>
<createdTime>2025-09-16 01:10:41 UTC</createdTime>
<ownerDesignName>s2exp4</ownerDesignName>
<referredTableLongName>REGION</referredTableLongName>
<deleteRule>NO ACTION</deleteRule>
<referredTableID>1B1C2DBC-CB53-85E1-DDCD-A6C01FEF75FF</referredTableID>
<keyObject>8A3DCF54-B8F6-E09C-91D5-D9F92BE06C04</keyObject>
<referredKeyID>8A3DCF54-B8F6-E09C-91D5-D9F92BE06C04</referredKeyID>
<mandatory>true</mandatory>
<refColNames>ID_REGION</refColNames>
<transferable>true</transferable>
<rely>false</rely>
<columnDependencyConstraintGenerateInDDL>true</columnDependencyConstraintGenerateInDDL>
</FKIndexAssociation>