<?xml version = '1.0' encoding = 'UTF-8'?>
<FKIndexAssociation class="oracle.dbtools.crest.model.design.relational.FKIndexAssociation" directorySegmentName="seg_0" id="68FD6996-0F68-4099-35BE-3B614AB07985" containerWithKeyObject="922620E1-2C8A-B526-DBA1-3FD5A92A5C92" localFKIndex="4CE7946F-323D-7B42-B039-7CF83052D861" name="PAGO_TARJETA_MEDIO_FK">
<sourceConnName>XE</sourceConnName>
<sourceObjSchema>SYSTEM</sourceObjSchema>
<sourceObjName>PAGO_TARJETA_MEDIO_FK</sourceObjName>
<createdBy>exequ</createdBy>
<createdTime>2025-09-16 01:10:41 UTC</createdTime>
<ownerDesignName>s2exp4</ownerDesignName>
<referredTableLongName>MEDIO_PAGO</referredTableLongName>
<deleteRule>NO ACTION</deleteRule>
<referredTableID>172BF49D-A531-57FF-987C-571369B68105</referredTableID>
<keyObject>B91E87DD-A541-DED4-D004-647284E23BB2</keyObject>
<referredKeyID>B91E87DD-A541-DED4-D004-647284E23BB2</referredKeyID>
<mandatory>true</mandatory>
<refColNames>ID_MEDIO_PAGO</refColNames>
<transferable>true</transferable>
<rely>false</rely>
<columnDependencyConstraintGenerateInDDL>true</columnDependencyConstraintGenerateInDDL>
</FKIndexAssociation>