<?xml version = '1.0' encoding = 'UTF-8'?>
<FKIndexAssociation class="oracle.dbtools.crest.model.design.relational.FKIndexAssociation" directorySegmentName="seg_0" id="69852540-56F3-B096-A1F3-2B0B701DABC8" containerWithKeyObject="06FDB78C-14E9-DB94-1D5C-32794EBCA40A" localFKIndex="A1648F1D-FE6B-9F33-2077-9ADB6AB242A9" name="ATENCION_MEDICO_FK">
<sourceConnName>XE</sourceConnName>
<sourceObjSchema>SYSTEM</sourceObjSchema>
<sourceObjName>ATENCION_MEDICO_FK</sourceObjName>
<createdBy>exequ</createdBy>
<createdTime>2025-09-16 01:10:41 UTC</createdTime>
<ownerDesignName>s2exp4</ownerDesignName>
<referredTableLongName>MEDICO</referredTableLongName>
<deleteRule>NO ACTION</deleteRule>
<referredTableID>FBA28A5A-8600-B9E8-54DA-85416B13D46E</referredTableID>
<keyObject>F011192B-FA8E-624F-A0B1-3D54F89DB0A8</keyObject>
<referredKeyID>F011192B-FA8E-624F-A0B1-3D54F89DB0A8</referredKeyID>
<mandatory>true</mandatory>
<refColNames>ID_MEDICO</refColNames>
<transferable>true</transferable>
<rely>false</rely>
<columnDependencyConstraintGenerateInDDL>true</columnDependencyConstraintGenerateInDDL>
</FKIndexAssociation>