<?xml version = '1.0' encoding = 'UTF-8'?>
<FKIndexAssociation class="oracle.dbtools.crest.model.design.relational.FKIndexAssociation" directorySegmentName="seg_0" id="7D5D9CE4-5893-2AF3-9640-35E1A70E0FB6" containerWithKeyObject="3F7292EA-03AB-11E9-5DAF-F31664FCE517" localFKIndex="96CD3F02-0273-7982-B175-D79E547AC55D" name="ATENCION_EXAMEN_ATENCION_FK">
<sourceConnName>XE</sourceConnName>
<sourceObjSchema>SYSTEM</sourceObjSchema>
<sourceObjName>ATENCION_EXAMEN_ATENCION_FK</sourceObjName>
<createdBy>exequ</createdBy>
<createdTime>2025-09-16 01:10:41 UTC</createdTime>
<ownerDesignName>s2exp4</ownerDesignName>
<referredTableLongName>ATENCION_MEDICA</referredTableLongName>
<deleteRule>NO ACTION</deleteRule>
<referredTableID>06FDB78C-14E9-DB94-1D5C-32794EBCA40A</referredTableID>
<keyObject>5A6B6086-2C98-14D9-B477-1FDAEFB94F6C</keyObject>
<referredKeyID>5A6B6086-2C98-14D9-B477-1FDAEFB94F6C</referredKeyID>
<mandatory>true</mandatory>
<refColNames>ID_ATENCION,HORA_ATENCION</refColNames>
<transferable>true</transferable>
<rely>false</rely>
<columnDependencyConstraintGenerateInDDL>true</columnDependencyConstraintGenerateInDDL>
</FKIndexAssociation>