<?xml version = '1.0' encoding = 'UTF-8'?>
<FKIndexAssociation class="oracle.dbtools.crest.model.design.relational.FKIndexAssociation" directorySegmentName="seg_0" id="9A746711-299F-44B0-6210-1218D4EBFB8E" containerWithKeyObject="FBA28A5A-8600-B9E8-54DA-85416B13D46E" localFKIndex="6A0C0BA1-6F8D-2313-9C36-8B4847EE11EA" name="MEDICO_UNIDAD_FK">
<sourceConnName>XE</sourceConnName>
<sourceObjSchema>SYSTEM</sourceObjSchema>
<sourceObjName>MEDICO_UNIDAD_FK</sourceObjName>
<createdBy>exequ</createdBy>
<createdTime>2025-09-16 01:10:41 UTC</createdTime>
<ownerDesignName>s2exp4</ownerDesignName>
<referredTableLongName>UNIDAD_ATENCION</referredTableLongName>
<deleteRule>NO ACTION</deleteRule>
<referredTableID>66512771-24DE-A451-FBC7-2BE3A22D3622</referredTableID>
<keyObject>1FE65C8E-BB53-D6DC-957F-3E6FF80E9728</keyObject>
<referredKeyID>1FE65C8E-BB53-D6DC-957F-3E6FF80E9728</referredKeyID>
<mandatory>true</mandatory>
<refColNames>ID_UNIDAD</refColNames>
<transferable>true</transferable>
<rely>false</rely>
<columnDependencyConstraintGenerateInDDL>true</columnDependencyConstraintGenerateInDDL>
</FKIndexAssociation>