<?xml version = '1.0' encoding = 'UTF-8'?>
<FKIndexAssociation class="oracle.dbtools.crest.model.design.relational.FKIndexAssociation" directorySegmentName="seg_0" id="B0D14DE1-33B3-BB11-75A9-70B972CA5CAB" containerWithKeyObject="FBA28A5A-8600-B9E8-54DA-85416B13D46E" localFKIndex="D4348B1B-FF6D-548B-2E67-E9057CBB4D97" name="MEDICO_ESPECIALIDAD_FK">
<sourceConnName>XE</sourceConnName>
<sourceObjSchema>SYSTEM</sourceObjSchema>
<sourceObjName>MEDICO_ESPECIALIDAD_FK</sourceObjName>
<createdBy>exequ</createdBy>
<createdTime>2025-09-16 01:10:41 UTC</createdTime>
<ownerDesignName>s2exp4</ownerDesignName>
<referredTableLongName>ESPECIALIDAD</referredTableLongName>
<deleteRule>NO ACTION</deleteRule>
<referredTableID>3D40E369-09D4-4375-EE84-3208BCF6A3D2</referredTableID>
<keyObject>DBC39348-06EB-F83E-430C-04BFDD4D0AC3</keyObject>
<referredKeyID>DBC39348-06EB-F83E-430C-04BFDD4D0AC3</referredKeyID>
<mandatory>true</mandatory>
<refColNames>ID_ESPECIALIDAD</refColNames>
<transferable>true</transferable>
<rely>false</rely>
<columnDependencyConstraintGenerateInDDL>true</columnDependencyConstraintGenerateInDDL>
</FKIndexAssociation>