<?xml version = '1.0' encoding = 'UTF-8'?>
<FKIndexAssociation class="oracle.dbtools.crest.model.design.relational.FKIndexAssociation" directorySegmentName="seg_0" id="BB003F5A-086E-92A9-5A69-A43218173149" containerWithKeyObject="06FDB78C-14E9-DB94-1D5C-32794EBCA40A" localFKIndex="228E7EA4-949B-C38F-75ED-8505FCED814A" name="ATENCION_PACIENTE_FK">
<sourceConnName>XE</sourceConnName>
<sourceObjSchema>SYSTEM</sourceObjSchema>
<sourceObjName>ATENCION_PACIENTE_FK</sourceObjName>
<createdBy>exequ</createdBy>
<createdTime>2025-09-16 01:10:41 UTC</createdTime>
<ownerDesignName>s2exp4</ownerDesignName>
<referredTableLongName>PACIENTE</referredTableLongName>
<deleteRule>NO ACTION</deleteRule>
<referredTableID>4047F44E-6E84-37CC-BB15-3AC280278558</referredTableID>
<keyObject>3CD4C96A-85BC-8CDB-A45C-0F61B0C2B414</keyObject>
<referredKeyID>3CD4C96A-85BC-8CDB-A45C-0F61B0C2B414</referredKeyID>
<mandatory>true</mandatory>
<refColNames>ID_PACIENTE</refColNames>
<transferable>true</transferable>
<rely>false</rely>
<columnDependencyConstraintGenerateInDDL>true</columnDependencyConstraintGenerateInDDL>
</FKIndexAssociation>