<?xml version = '1.0' encoding = 'UTF-8'?>
<FKIndexAssociation class="oracle.dbtools.crest.model.design.relational.FKIndexAssociation" directorySegmentName="seg_0" id="C1FA26FD-8603-DCEC-C114-331ED2E7F611" containerWithKeyObject="FBA28A5A-8600-B9E8-54DA-85416B13D46E" localFKIndex="034538D5-F5E6-4CBF-F226-3DC1CB74689D" name="MEDICO_SUPERVISOR_FK">
<sourceConnName>XE</sourceConnName>
<sourceObjSchema>SYSTEM</sourceObjSchema>
<sourceObjName>MEDICO_SUPERVISOR_FK</sourceObjName>
<createdBy>exequ</createdBy>
<createdTime>2025-09-16 01:10:41 UTC</createdTime>
<ownerDesignName>s2exp4</ownerDesignName>
<referredTableLongName>MEDICO</referredTableLongName>
<deleteRule>NO ACTION</deleteRule>
<referredTableID>FBA28A5A-8600-B9E8-54DA-85416B13D46E</referredTableID>
<keyObject>F011192B-FA8E-624F-A0B1-3D54F89DB0A8</keyObject>
<referredKeyID>F011192B-FA8E-624F-A0B1-3D54F89DB0A8</referredKeyID>
<mandatory>false</mandatory>
<refColNames>ID_MEDICO</refColNames>
<transferable>true</transferable>
<rely>false</rely>
<columnDependencyConstraintGenerateInDDL>true</columnDependencyConstraintGenerateInDDL>
</FKIndexAssociation>