<?xml version = '1.0' encoding = 'UTF-8'?>
<FKIndexAssociation class="oracle.dbtools.crest.model.design.relational.FKIndexAssociation" directorySegmentName="seg_0" id="FF967214-DA90-CF77-BF22-6622CB710D09" containerWithKeyObject="FBA28A5A-8600-B9E8-54DA-85416B13D46E" localFKIndex="4E06E4B2-2782-1728-1D40-E008E8ED8FE2" name="MEDICO_INSTITUCION_FK">
<sourceConnName>XE</sourceConnName>
<sourceObjSchema>SYSTEM</sourceObjSchema>
<sourceObjName>MEDICO_INSTITUCION_FK</sourceObjName>
<createdBy>exequ</createdBy>
<createdTime>2025-09-16 01:10:41 UTC</createdTime>
<ownerDesignName>s2exp4</ownerDesignName>
<referredTableLongName>INSTITUCION_SALUD</referredTableLongName>
<deleteRule>NO ACTION</deleteRule>
<referredTableID>213F5B5D-CAA6-601D-7618-01AF210CF85F</referredTableID>
<keyObject>E914508B-BE80-62F2-AD24-1C5AEB80C4E1</keyObject>
<referredKeyID>E914508B-BE80-62F2-AD24-1C5AEB80C4E1</referredKeyID>
<mandatory>true</mandatory>
<refColNames>ID_INSTITUCION</refColNames>
<transferable>true</transferable>
<rely>false</rely>
<columnDependencyConstraintGenerateInDDL>true</columnDependencyConstraintGenerateInDDL>
</FKIndexAssociation>