<?xml version = '1.0' encoding = 'UTF-8'?>
<TableProxyOraclev20c class="oracle.dbtools.crest.model.design.storage.oracle.v20c.TableProxyOraclev20c" name="ATENCION_MEDICA" directorySegmentName="seg_0" id="06FDB78C-14E9-DB94-1D5C-32794EBCA40A">
<createdBy>exequ</createdBy>
<createdTime>2025-09-16 01:10:39 UTC</createdTime>
<ownerDesignName>s2exp4</ownerDesignName>
<logging>YES</logging>
<partitionedRowMovement>DISABLE</partitionedRowMovement>
<segment>FC602E21-6BC3-9BB1-71AE-EBB6731A71E8</segment>
<tableSpace>D31CC8A5-CC84-BBD1-9830-AE752D9BF140</tableSpace>
<temporaryChanged>false</temporaryChanged>
<accessDriverType>oracle_loader</accessDriverType>
<rejectLimit></rejectLimit>
<inMemory>NO</inMemory>
<columnProxies itemClass="oracle.dbtools.crest.model.design.storage.oracle.v12c.ColumnProxyOraclev12c">
<ColumnProxy name="DIAGNOSTICO" id="1800D1C9-CB5B-3EED-87BB-06D62D88C7BB">
<createdBy>exequ</createdBy>
<createdTime>2025-09-16 01:10:39 UTC</createdTime>
<ownerDesignName>s2exp4</ownerDesignName>
</ColumnProxy>
<ColumnProxy name="ID_ATENCION" id="20D038FC-92C5-6A1B-F0E3-B35F4E9DCB2A">
<createdBy>exequ</createdBy>
<createdTime>2025-09-16 01:10:39 UTC</createdTime>
<ownerDesignName>s2exp4</ownerDesignName>
</ColumnProxy>
<ColumnProxy name="HORA_ATENCION" id="2A14DEE6-7A99-73D6-7386-5D59D2A5FEA2">
<createdBy>exequ</createdBy>
<createdTime>2025-09-16 01:10:39 UTC</createdTime>
<ownerDesignName>s2exp4</ownerDesignName>
</ColumnProxy>
<ColumnProxy name="TIPO_ATENCION" id="45A19C99-B06A-6F60-0576-0A8AD99DAF96">
<createdBy>exequ</createdBy>
<createdTime>2025-09-16 01:10:39 UTC</createdTime>
<ownerDesignName>s2exp4</ownerDesignName>
</ColumnProxy>
<ColumnProxy name="FECHA_ATENCION" id="4F828233-5D6F-9EC4-2AE4-8F77CAF964B2">
<createdBy>exequ</createdBy>
<createdTime>2025-09-16 01:10:39 UTC</createdTime>
<ownerDesignName>s2exp4</ownerDesignName>
</ColumnProxy>
<ColumnProxy name="MONTO_PAGADO" id="7CD652BD-815A-C5AD-1AD5-14E6D5DE9174">
<createdBy>exequ</createdBy>
<createdTime>2025-09-16 01:10:39 UTC</createdTime>
<ownerDesignName>s2exp4</ownerDesignName>
</ColumnProxy>
<ColumnProxy name="ID_PACIENTE" id="8382C9E5-2FC4-92B3-8BF8-3086E3CA2CFB">
<createdBy>exequ</createdBy>
<createdTime>2025-09-16 01:10:39 UTC</createdTime>
<ownerDesignName>s2exp4</ownerDesignName>
</ColumnProxy>
<ColumnProxy name="ID_MEDICO" id="A8221A37-A988-352C-C143-A2D5E4D04A46">
<createdBy>exequ</createdBy>
<createdTime>2025-09-16 01:10:39 UTC</createdTime>
<ownerDesignName>s2exp4</ownerDesignName>
</ColumnProxy>
</columnProxies>
<foreignKeys>
<ForeignKey class="oracle.dbtools.crest.model.design.storage.oracle.v10g.FKProxyOraclev10g" name="ATENCION_PACIENTE_FK" id="228E7EA4-949B-C38F-75ED-8505FCED814A">
<createdBy>exequ</createdBy>
<createdTime>2025-09-16 01:10:41 UTC</createdTime>
<ownerDesignName>s2exp4</ownerDesignName>
</ForeignKey>
<ForeignKey class="oracle.dbtools.crest.model.design.storage.oracle.v10g.FKProxyOraclev10g" name="ATENCION_MEDICO_FK" id="A1648F1D-FE6B-9F33-2077-9ADB6AB242A9">
<createdBy>exequ</createdBy>
<createdTime>2025-09-16 01:10:41 UTC</createdTime>
<ownerDesignName>s2exp4</ownerDesignName>
</ForeignKey>
</foreignKeys>
<primaryKeys>
<PrimaryKey class="oracle.dbtools.crest.model.design.storage.oracle.v10g.PKProxyOraclev10g" name="ATENCION_MEDICA_PK" id="5A6B6086-2C98-14D9-B477-1FDAEFB94F6C">
<createdBy>exequ</createdBy>
<createdTime>2025-09-16 01:10:40 UTC</createdTime>
<ownerDesignName>s2exp4</ownerDesignName>
<schemaObject>6263E261-1A61-1DBD-B5DE-D09A27ABAFCE</schemaObject>
<segment>2C9221B7-E1C5-0766-A7E7-13032767BB77</segment>
<tableSpace>D31CC8A5-CC84-BBD1-9830-AE752D9BF140</tableSpace>
<indexSegment>2C9221B7-E1C5-0766-A7E7-13032767BB77</indexSegment>
<indexSort>SORTED</indexSort>
<usingIndex>BY INDEX NAME</usingIndex>
</PrimaryKey>
</primaryKeys>
</TableProxyOraclev20c>