<?xml version = '1.0' encoding = 'UTF-8'?>
<TableProxyOraclev20c class="oracle.dbtools.crest.model.design.storage.oracle.v20c.TableProxyOraclev20c" name="PAGO_CONVENIO" directorySegmentName="seg_0" id="509C4944-C276-B36D-C471-54376DACB974">
<createdBy>exequ</createdBy>
<createdTime>2025-09-16 01:10:39 UTC</createdTime>
<ownerDesignName>s2exp4</ownerDesignName>
<logging>YES</logging>
<partitionedRowMovement>DISABLE</partitionedRowMovement>
<segment>FC602E21-6BC3-9BB1-71AE-EBB6731A71E8</segment>
<tableSpace>D31CC8A5-CC84-BBD1-9830-AE752D9BF140</tableSpace>
<temporaryChanged>false</temporaryChanged>
<accessDriverType>oracle_loader</accessDriverType>
<rejectLimit></rejectLimit>
<inMemory>NO</inMemory>
<columnProxies itemClass="oracle.dbtools.crest.model.design.storage.oracle.v12c.ColumnProxyOraclev12c">
<ColumnProxy name="NRO_BONO" id="188C1892-75A9-3FC9-5FD5-09A74F6FA1E1">
<createdBy>exequ</createdBy>
<createdTime>2025-09-16 01:10:39 UTC</createdTime>
<ownerDesignName>s2exp4</ownerDesignName>
</ColumnProxy>
<ColumnProxy name="NOMBRE_CONVENIO" id="576E0455-75F3-81BC-263A-614CDC0181B0">
<createdBy>exequ</createdBy>
<createdTime>2025-09-16 01:10:39 UTC</createdTime>
<ownerDesignName>s2exp4</ownerDesignName>
</ColumnProxy>
<ColumnProxy name="ID_MEDIO_PAGO" id="F5868537-65D0-2EAA-0355-B88D3B36DD02">
<createdBy>exequ</createdBy>
<createdTime>2025-09-16 01:10:39 UTC</createdTime>
<ownerDesignName>s2exp4</ownerDesignName>
</ColumnProxy>
</columnProxies>
<foreignKeys>
<ForeignKey class="oracle.dbtools.crest.model.design.storage.oracle.v10g.FKProxyOraclev10g" name="PAGO_CONVENIO_MEDIO_FK" id="DEC7445C-4804-63D4-F5A8-93908F474315">
<createdBy>exequ</createdBy>
<createdTime>2025-09-16 01:10:41 UTC</createdTime>
<ownerDesignName>s2exp4</ownerDesignName>
</ForeignKey>
</foreignKeys>
<primaryKeys>
<PrimaryKey class="oracle.dbtools.crest.model.design.storage.oracle.v10g.PKProxyOraclev10g" name="PAGO_CONVENIO_PK" id="F460E0DA-1C32-88E2-BB10-D94B933094B7">
<createdBy>exequ</createdBy>
<createdTime>2025-09-16 01:10:40 UTC</createdTime>
<ownerDesignName>s2exp4</ownerDesignName>
<schemaObject>6263E261-1A61-1DBD-B5DE-D09A27ABAFCE</schemaObject>
<segment>2C9221B7-E1C5-0766-A7E7-13032767BB77</segment>
<tableSpace>D31CC8A5-CC84-BBD1-9830-AE752D9BF140</tableSpace>
<indexSegment>2C9221B7-E1C5-0766-A7E7-13032767BB77</indexSegment>
<indexSort>SORTED</indexSort>
<usingIndex>BY INDEX NAME</usingIndex>
</PrimaryKey>
</primaryKeys>
</TableProxyOraclev20c>