<?xml version = '1.0' encoding = 'UTF-8'?>
<TableProxyOraclev20c class="oracle.dbtools.crest.model.design.storage.oracle.v20c.TableProxyOraclev20c" name="EXAMEN" directorySegmentName="seg_0" id="5304DE5D-9AE9-CD47-7582-35441E03E0AA">
<createdBy>exequ</createdBy>
<createdTime>2025-09-16 01:10:39 UTC</createdTime>
<ownerDesignName>s2exp4</ownerDesignName>
<logging>YES</logging>
<partitionedRowMovement>DISABLE</partitionedRowMovement>
<segment>FC602E21-6BC3-9BB1-71AE-EBB6731A71E8</segment>
<tableSpace>D31CC8A5-CC84-BBD1-9830-AE752D9BF140</tableSpace>
<temporaryChanged>false</temporaryChanged>
<accessDriverType>oracle_loader</accessDriverType>
<rejectLimit></rejectLimit>
<inMemory>NO</inMemory>
<columnProxies itemClass="oracle.dbtools.crest.model.design.storage.oracle.v12c.ColumnProxyOraclev12c">
<ColumnProxy name="CONDICIONES_PREP" id="69DABDAA-F01D-D260-0097-BCBAFD62B682">
<createdBy>exequ</createdBy>
<createdTime>2025-09-16 01:10:39 UTC</createdTime>
<ownerDesignName>s2exp4</ownerDesignName>
</ColumnProxy>
<ColumnProxy name="TIPO_MUESTRA" id="BBBB5DB6-FA68-CFBA-55D3-AFAEDFD365C0">
<createdBy>exequ</createdBy>
<createdTime>2025-09-16 01:10:39 UTC</createdTime>
<ownerDesignName>s2exp4</ownerDesignName>
</ColumnProxy>
<ColumnProxy name="NOMBRE" id="DB7365C5-D8E4-E4E1-D47D-344830DB6DC4">
<createdBy>exequ</createdBy>
<createdTime>2025-09-16 01:10:39 UTC</createdTime>
<ownerDesignName>s2exp4</ownerDesignName>
</ColumnProxy>
<ColumnProxy name="ID_EXAMEN" id="F5EEABAE-A32C-E0AC-7B03-0310E6A65AC6">
<createdBy>exequ</createdBy>
<createdTime>2025-09-16 01:10:39 UTC</createdTime>
<ownerDesignName>s2exp4</ownerDesignName>
</ColumnProxy>
</columnProxies>
<primaryKeys>
<PrimaryKey class="oracle.dbtools.crest.model.design.storage.oracle.v10g.PKProxyOraclev10g" name="EXAMEN_PK" id="0DA09206-4B06-D6FD-4B93-1ABE966CE342">
<createdBy>exequ</createdBy>
<createdTime>2025-09-16 01:10:40 UTC</createdTime>
<ownerDesignName>s2exp4</ownerDesignName>
<schemaObject>6263E261-1A61-1DBD-B5DE-D09A27ABAFCE</schemaObject>
<segment>2C9221B7-E1C5-0766-A7E7-13032767BB77</segment>
<tableSpace>D31CC8A5-CC84-BBD1-9830-AE752D9BF140</tableSpace>
<indexSegment>2C9221B7-E1C5-0766-A7E7-13032767BB77</indexSegment>
<indexSort>SORTED</indexSort>
<usingIndex>BY INDEX NAME</usingIndex>
</PrimaryKey>
</primaryKeys>
</TableProxyOraclev20c>