<?xml version = '1.0' encoding = 'UTF-8'?>
<TableProxyOraclev20c class="oracle.dbtools.crest.model.design.storage.oracle.v20c.TableProxyOraclev20c" name="COMUNA" directorySegmentName="seg_0" id="966C4C7A-0FB6-AD0E-051A-23F502F1B0F3">
<createdBy>exequ</createdBy>
<createdTime>2025-09-16 01:10:39 UTC</createdTime>
<ownerDesignName>s2exp4</ownerDesignName>
<logging>YES</logging>
<partitionedRowMovement>DISABLE</partitionedRowMovement>
<segment>FC602E21-6BC3-9BB1-71AE-EBB6731A71E8</segment>
<tableSpace>D31CC8A5-CC84-BBD1-9830-AE752D9BF140</tableSpace>
<temporaryChanged>false</temporaryChanged>
<accessDriverType>oracle_loader</accessDriverType>
<rejectLimit></rejectLimit>
<inMemory>NO</inMemory>
<columnProxies itemClass="oracle.dbtools.crest.model.design.storage.oracle.v12c.ColumnProxyOraclev12c">
<ColumnProxy name="NOMBRE" id="598357A2-D95B-F325-1A67-7F2599543FB0">
<createdBy>exequ</createdBy>
<createdTime>2025-09-16 01:10:39 UTC</createdTime>
<ownerDesignName>s2exp4</ownerDesignName>
</ColumnProxy>
<ColumnProxy name="ID_COMUNA" id="74A5470F-08AB-5509-07FA-4F9A899B08D6">
<createdBy>exequ</createdBy>
<createdTime>2025-09-16 01:10:39 UTC</createdTime>
<ownerDesignName>s2exp4</ownerDesignName>
</ColumnProxy>
<ColumnProxy name="ID_REGION" id="C6E36CF7-673B-0EED-8F78-FAAF7FC0547B">
<createdBy>exequ</createdBy>
<createdTime>2025-09-16 01:10:39 UTC</createdTime>
<ownerDesignName>s2exp4</ownerDesignName>
</ColumnProxy>
</columnProxies>
<foreignKeys>
<ForeignKey class="oracle.dbtools.crest.model.design.storage.oracle.v10g.FKProxyOraclev10g" name="COMUNA_REGION_FK" id="B685A90D-6CE6-2804-7E2E-06A2C619BC7D">
<createdBy>exequ</createdBy>
<createdTime>2025-09-16 01:10:41 UTC</createdTime>
<ownerDesignName>s2exp4</ownerDesignName>
</ForeignKey>
</foreignKeys>
<primaryKeys>
<PrimaryKey class="oracle.dbtools.crest.model.design.storage.oracle.v10g.PKProxyOraclev10g" name="COMUNA_PK" id="85DD149D-77F8-36BB-749D-1DF67735F0F4">
<createdBy>exequ</createdBy>
<createdTime>2025-09-16 01:10:40 UTC</createdTime>
<ownerDesignName>s2exp4</ownerDesignName>
<schemaObject>6263E261-1A61-1DBD-B5DE-D09A27ABAFCE</schemaObject>
<segment>2C9221B7-E1C5-0766-A7E7-13032767BB77</segment>
<tableSpace>D31CC8A5-CC84-BBD1-9830-AE752D9BF140</tableSpace>
<indexSegment>2C9221B7-E1C5-0766-A7E7-13032767BB77</indexSegment>
<indexSort>SORTED</indexSort>
<usingIndex>BY INDEX NAME</usingIndex>
</PrimaryKey>
</primaryKeys>
</TableProxyOraclev20c>