<?xml version = '1.0' encoding = 'UTF-8'?>
<TableProxyOraclev20c class="oracle.dbtools.crest.model.design.storage.oracle.v20c.TableProxyOraclev20c" name="MEDICO" directorySegmentName="seg_0" id="FBA28A5A-8600-B9E8-54DA-85416B13D46E">
<createdBy>exequ</createdBy>
<createdTime>2025-09-16 01:10:39 UTC</createdTime>
<ownerDesignName>s2exp4</ownerDesignName>
<logging>YES</logging>
<partitionedRowMovement>DISABLE</partitionedRowMovement>
<segment>FC602E21-6BC3-9BB1-71AE-EBB6731A71E8</segment>
<tableSpace>D31CC8A5-CC84-BBD1-9830-AE752D9BF140</tableSpace>
<temporaryChanged>false</temporaryChanged>
<accessDriverType>oracle_loader</accessDriverType>
<rejectLimit></rejectLimit>
<inMemory>NO</inMemory>
<columnProxies itemClass="oracle.dbtools.crest.model.design.storage.oracle.v12c.ColumnProxyOraclev12c">
<ColumnProxy name="FECHA_INGRESO" id="13941661-191E-8D09-E1F7-FABEBA5E2906">
<createdBy>exequ</createdBy>
<createdTime>2025-09-16 01:10:39 UTC</createdTime>
<ownerDesignName>s2exp4</ownerDesignName>
</ColumnProxy>
<ColumnProxy name="ID_MEDICO" id="1B8A646A-71DF-2C81-354E-3593379B7760">
<createdBy>exequ</createdBy>
<createdTime>2025-09-16 01:10:39 UTC</createdTime>
<ownerDesignName>s2exp4</ownerDesignName>
</ColumnProxy>
<ColumnProxy name="ID_AFP" id="1C4AF831-F740-1392-0468-7B32C1759453">
<createdBy>exequ</createdBy>
<createdTime>2025-09-16 01:10:39 UTC</createdTime>
<ownerDesignName>s2exp4</ownerDesignName>
</ColumnProxy>
<ColumnProxy name="PRIMER_APELLIDO" id="322CFC48-5718-E485-03BA-06675583A1AD">
<createdBy>exequ</createdBy>
<createdTime>2025-09-16 01:10:39 UTC</createdTime>
<ownerDesignName>s2exp4</ownerDesignName>
</ColumnProxy>
<ColumnProxy name="RUT_MEDICO" id="3B174377-2240-D464-F08E-6F82632D605D">
<createdBy>exequ</createdBy>
<createdTime>2025-09-16 01:10:39 UTC</createdTime>
<ownerDesignName>s2exp4</ownerDesignName>
</ColumnProxy>
<ColumnProxy name="SEGUNDO_APELLIDO" id="5E8FB30A-87F5-DD8C-CBD9-7E3CF86CA1BC">
<createdBy>exequ</createdBy>
<createdTime>2025-09-16 01:10:39 UTC</createdTime>
<ownerDesignName>s2exp4</ownerDesignName>
</ColumnProxy>
<ColumnProxy name="NOMBRE_MEDICO" id="8EAD8E18-FFA1-E66F-36AE-482970CDCA4C">
<createdBy>exequ</createdBy>
<createdTime>2025-09-16 01:10:39 UTC</createdTime>
<ownerDesignName>s2exp4</ownerDesignName>
</ColumnProxy>
<ColumnProxy name="ID_UNIDAD" id="93E7BD20-B7A5-F2D6-F52E-1CD59BAFD538">
<createdBy>exequ</createdBy>
<createdTime>2025-09-16 01:10:39 UTC</createdTime>
<ownerDesignName>s2exp4</ownerDesignName>
</ColumnProxy>
<ColumnProxy name="ID_SUPERVISOR" id="B4BCBAF9-1109-D58F-EF17-7FC4DEAD6C79">
<createdBy>exequ</createdBy>
<createdTime>2025-09-16 01:10:39 UTC</createdTime>
<ownerDesignName>s2exp4</ownerDesignName>
</ColumnProxy>
<ColumnProxy name="ID_INSTITUCION" id="CE9B2A24-5643-AD0C-4E11-F8EA1E207B42">
<createdBy>exequ</createdBy>
<createdTime>2025-09-16 01:10:39 UTC</createdTime>
<ownerDesignName>s2exp4</ownerDesignName>
</ColumnProxy>
<ColumnProxy name="ID_ESPECIALIDAD" id="F79C3AE7-7204-DFF7-8E0A-679F98BED01A">
<createdBy>exequ</createdBy>
<createdTime>2025-09-16 01:10:39 UTC</createdTime>
<ownerDesignName>s2exp4</ownerDesignName>
</ColumnProxy>
</columnProxies>
<foreignKeys>
<ForeignKey class="oracle.dbtools.crest.model.design.storage.oracle.v10g.FKProxyOraclev10g" name="MEDICO_SUPERVISOR_FK" id="034538D5-F5E6-4CBF-F226-3DC1CB74689D">
<createdBy>exequ</createdBy>
<createdTime>2025-09-16 01:10:41 UTC</createdTime>
<ownerDesignName>s2exp4</ownerDesignName>
</ForeignKey>
<ForeignKey class="oracle.dbtools.crest.model.design.storage.oracle.v10g.FKProxyOraclev10g" name="MEDICO_INSTITUCION_FK" id="4E06E4B2-2782-1728-1D40-E008E8ED8FE2">
<createdBy>exequ</createdBy>
<createdTime>2025-09-16 01:10:41 UTC</createdTime>
<ownerDesignName>s2exp4</ownerDesignName>
</ForeignKey>
<ForeignKey class="oracle.dbtools.crest.model.design.storage.oracle.v10g.FKProxyOraclev10g" name="MEDICO_UNIDAD_FK" id="6A0C0BA1-6F8D-2313-9C36-8B4847EE11EA">
<createdBy>exequ</createdBy>
<createdTime>2025-09-16 01:10:41 UTC</createdTime>
<ownerDesignName>s2exp4</ownerDesignName>
</ForeignKey>
<ForeignKey class="oracle.dbtools.crest.model.design.storage.oracle.v10g.FKProxyOraclev10g" name="MEDICO_AFP_FK" id="C088BC5A-E87E-511D-640B-F3711105D4DA">
<createdBy>exequ</createdBy>
<createdTime>2025-09-16 01:10:41 UTC</createdTime>
<ownerDesignName>s2exp4</ownerDesignName>
</ForeignKey>
<ForeignKey class="oracle.dbtools.crest.model.design.storage.oracle.v10g.FKProxyOraclev10g" name="MEDICO_ESPECIALIDAD_FK" id="D4348B1B-FF6D-548B-2E67-E9057CBB4D97">
<createdBy>exequ</createdBy>
<createdTime>2025-09-16 01:10:41 UTC</createdTime>
<ownerDesignName>s2exp4</ownerDesignName>
</ForeignKey>
</foreignKeys>
<primaryKeys>
<PrimaryKey class="oracle.dbtools.crest.model.design.storage.oracle.v10g.PKProxyOraclev10g" name="MEDICO_PK" id="F011192B-FA8E-624F-A0B1-3D54F89DB0A8">
<createdBy>exequ</createdBy>
<createdTime>2025-09-16 01:10:40 UTC</createdTime>
<ownerDesignName>s2exp4</ownerDesignName>
<schemaObject>6263E261-1A61-1DBD-B5DE-D09A27ABAFCE</schemaObject>
<segment>2C9221B7-E1C5-0766-A7E7-13032767BB77</segment>
<tableSpace>D31CC8A5-CC84-BBD1-9830-AE752D9BF140</tableSpace>
<indexSegment>2C9221B7-E1C5-0766-A7E7-13032767BB77</indexSegment>
<indexSort>SORTED</indexSort>
<usingIndex>BY INDEX NAME</usingIndex>
</PrimaryKey>
</primaryKeys>
<uniqueKeys>
<UniqueKey class="oracle.dbtools.crest.model.design.storage.oracle.v10g.UniqueOraclev10g" name="MEDICO_RUT_MEDICO_UN" id="1EAA74D4-A611-E4C6-126E-312B0A94BD15">
<createdBy>exequ</createdBy>
<createdTime>2025-09-16 01:10:40 UTC</createdTime>
<ownerDesignName>s2exp4</ownerDesignName>
<schemaObject>6263E261-1A61-1DBD-B5DE-D09A27ABAFCE</schemaObject>
<segment>2C9221B7-E1C5-0766-A7E7-13032767BB77</segment>
<tableSpace>D31CC8A5-CC84-BBD1-9830-AE752D9BF140</tableSpace>
<indexSegment>2C9221B7-E1C5-0766-A7E7-13032767BB77</indexSegment>
<indexSort>SORTED</indexSort>
<usingIndex>BY INDEX NAME</usingIndex>
</UniqueKey>
</uniqueKeys>
</TableProxyOraclev20c>