<?xml version = '1.0' encoding = 'UTF-8'?>
<Table class="oracle.dbtools.crest.model.design.relational.Table" directorySegmentName="seg_0" id="06FDB78C-14E9-DB94-1D5C-32794EBCA40A" name="ATENCION_MEDICA">
<sourceConnName>XE</sourceConnName>
<sourceObjSchema>SYSTEM</sourceObjSchema>
<sourceObjName>ATENCION_MEDICA</sourceObjName>
<createdBy>exequ</createdBy>
<createdTime>2025-09-16 01:10:39 UTC</createdTime>
<ownerDesignName>s2exp4</ownerDesignName>
<allowColumnReorder>false</allowColumnReorder>
<existDependencyGenerateInDDl>true</existDependencyGenerateInDDl>
<parsed>true</parsed>
<columns itemClass="oracle.dbtools.crest.model.design.relational.Column">
<Column name="ID_ATENCION" id="20D038FC-92C5-6A1B-F0E3-B35F4E9DCB2A">
<sourceConnName>XE</sourceConnName>
<sourceObjSchema>ATENCION_MEDICA</sourceObjSchema>
<sourceObjName>ID_ATENCION</sourceObjName>
<createdBy>exequ</createdBy>
<createdTime>2025-09-16 01:10:39 UTC</createdTime>
<ownerDesignName>s2exp4</ownerDesignName>
<useDomainConstraints>false</useDomainConstraints>
<use>1</use>
<logicalDatatype>LOGDT019</logicalDatatype>
<dataTypePrecision>10</dataTypePrecision>
<ownDataTypeParameters>,10,</ownDataTypeParameters>
<autoIncrementCycle>false</autoIncrementCycle>
</Column>
<Column name="FECHA_ATENCION" id="4F828233-5D6F-9EC4-2AE4-8F77CAF964B2">
<sourceConnName>XE</sourceConnName>
<sourceObjSchema>ATENCION_MEDICA</sourceObjSchema>
<sourceObjName>FECHA_ATENCION</sourceObjName>
<createdBy>exequ</createdBy>
<createdTime>2025-09-16 01:10:39 UTC</createdTime>
<ownerDesignName>s2exp4</ownerDesignName>
<useDomainConstraints>false</useDomainConstraints>
<use>1</use>
<logicalDatatype>LOGDT007</logicalDatatype>
<dataTypeSize>7</dataTypeSize>
<ownDataTypeParameters>7,,</ownDataTypeParameters>
<autoIncrementCycle>false</autoIncrementCycle>
</Column>
<Column name="HORA_ATENCION" id="2A14DEE6-7A99-73D6-7386-5D59D2A5FEA2">
<sourceConnName>XE</sourceConnName>
<sourceObjSchema>ATENCION_MEDICA</sourceObjSchema>
<sourceObjName>HORA_ATENCION</sourceObjName>
<createdBy>exequ</createdBy>
<createdTime>2025-09-16 01:10:39 UTC</createdTime>
<ownerDesignName>s2exp4</ownerDesignName>
<useDomainConstraints>false</useDomainConstraints>
<use>1</use>
<logicalDatatype>LOGDT024</logicalDatatype>
<dataTypeSize>5 CHAR</dataTypeSize>
<ownDataTypeParameters>5 CHAR,,</ownDataTypeParameters>
<autoIncrementCycle>false</autoIncrementCycle>
</Column>
<Column name="TIPO_ATENCION" id="45A19C99-B06A-6F60-0576-0A8AD99DAF96">
<sourceConnName>XE</sourceConnName>
<sourceObjSchema>ATENCION_MEDICA</sourceObjSchema>
<sourceObjName>TIPO_ATENCION</sourceObjName>
<createdBy>exequ</createdBy>
<createdTime>2025-09-16 01:10:39 UTC</createdTime>
<ownerDesignName>s2exp4</ownerDesignName>
<constraintName>SYS_C008480</constraintName>
<nullsAllowed>true</nullsAllowed>
<useDomainConstraints>false</useDomainConstraints>
<use>1</use>
<logicalDatatype>LOGDT024</logicalDatatype>
<dataTypeSize>20 CHAR</dataTypeSize>
<listOfValues>
<valueDef value="&apos;General&apos;" description=""/>
<valueDef value="&apos;Preventiva&apos;" description=""/>
<valueDef value="&apos;Urgencia&apos;" description=""/>
</listOfValues>
<ownDataTypeParameters>20 CHAR,,</ownDataTypeParameters>
<autoIncrementCycle>false</autoIncrementCycle>
</Column>
<Column name="DIAGNOSTICO" id="1800D1C9-CB5B-3EED-87BB-06D62D88C7BB">
<sourceConnName>XE</sourceConnName>
<sourceObjSchema>ATENCION_MEDICA</sourceObjSchema>
<sourceObjName>DIAGNOSTICO</sourceObjName>
<createdBy>exequ</createdBy>
<createdTime>2025-09-16 01:10:39 UTC</createdTime>
<ownerDesignName>s2exp4</ownerDesignName>
<nullsAllowed>true</nullsAllowed>
<useDomainConstraints>false</useDomainConstraints>
<use>1</use>
<logicalDatatype>LOGDT024</logicalDatatype>
<dataTypeSize>255 CHAR</dataTypeSize>
<ownDataTypeParameters>255 CHAR,,</ownDataTypeParameters>
<autoIncrementCycle>false</autoIncrementCycle>
</Column>
<Column name="MONTO_PAGADO" id="7CD652BD-815A-C5AD-1AD5-14E6D5DE9174">
<sourceConnName>XE</sourceConnName>
<sourceObjSchema>ATENCION_MEDICA</sourceObjSchema>
<sourceObjName>MONTO_PAGADO</sourceObjName>
<createdBy>exequ</createdBy>
<createdTime>2025-09-16 01:10:39 UTC</createdTime>
<ownerDesignName>s2exp4</ownerDesignName>
<useDomainConstraints>false</useDomainConstraints>
<use>1</use>
<logicalDatatype>LOGDT019</logicalDatatype>
<dataTypePrecision>10</dataTypePrecision>
<dataTypeScale>2</dataTypeScale>
<ownDataTypeParameters>,10,2</ownDataTypeParameters>
<autoIncrementCycle>false</autoIncrementCycle>
</Column>
<Column name="ID_PACIENTE" id="8382C9E5-2FC4-92B3-8BF8-3086E3CA2CFB">
<sourceConnName>XE</sourceConnName>
<sourceObjSchema>ATENCION_MEDICA</sourceObjSchema>
<sourceObjName>ID_PACIENTE</sourceObjName>
<createdBy>exequ</createdBy>
<createdTime>2025-09-16 01:10:39 UTC</createdTime>
<ownerDesignName>s2exp4</ownerDesignName>
<useDomainConstraints>false</useDomainConstraints>
<use>1</use>
<logicalDatatype>LOGDT019</logicalDatatype>
<dataTypePrecision>10</dataTypePrecision>
<ownDataTypeParameters>,,</ownDataTypeParameters>
<autoIncrementCycle>false</autoIncrementCycle>
<associations>
<colAssociation fkAssociation="BB003F5A-086E-92A9-5A69-A43218173149" referredColumn="D85F7DC2-E8D4-C157-91E8-6E99C8B8A6B2"/>
</associations>
</Column>
<Column name="ID_MEDICO" id="A8221A37-A988-352C-C143-A2D5E4D04A46">
<sourceConnName>XE</sourceConnName>
<sourceObjSchema>ATENCION_MEDICA</sourceObjSchema>
<sourceObjName>ID_MEDICO</sourceObjName>
<createdBy>exequ</createdBy>
<createdTime>2025-09-16 01:10:39 UTC</createdTime>
<ownerDesignName>s2exp4</ownerDesignName>
<useDomainConstraints>false</useDomainConstraints>
<use>1</use>
<logicalDatatype>LOGDT019</logicalDatatype>
<dataTypePrecision>10</dataTypePrecision>
<ownDataTypeParameters>,,</ownDataTypeParameters>
<autoIncrementCycle>false</autoIncrementCycle>
<associations>
<colAssociation fkAssociation="69852540-56F3-B096-A1F3-2B0B701DABC8" referredColumn="1B8A646A-71DF-2C81-354E-3593379B7760"/>
</associations>
</Column>
</columns>
<indexes itemClass="oracle.dbtools.crest.model.design.relational.Index">
<ind_PK_UK id="5A6B6086-2C98-14D9-B477-1FDAEFB94F6C" schemaObject="6263E261-1A61-1DBD-B5DE-D09A27ABAFCE" name="ATENCION_MEDICA_PK">
<sourceConnName>XE</sourceConnName>
<sourceObjSchema>SYSTEM</sourceObjSchema>
<sourceObjName>SYS_C008481</sourceObjName>
<createdBy>exequ</createdBy>
<createdTime>2025-09-16 01:10:39 UTC</createdTime>
<ownerDesignName>s2exp4</ownerDesignName>
<pk>true</pk>
<indexState>Primary Constraint</indexState>
<isSurrogateKey>false</isSurrogateKey>
<indexColumnUsage>
<colUsage columnID="20D038FC-92C5-6A1B-F0E3-B35F4E9DCB2A"/>
<colUsage columnID="2A14DEE6-7A99-73D6-7386-5D59D2A5FEA2"/>
</indexColumnUsage>
</ind_PK_UK>
<ind_PK_UK id="A1648F1D-FE6B-9F33-2077-9ADB6AB242A9" name="ATENCION_MEDICO_FK">
<createdBy>exequ</createdBy>
<createdTime>2025-09-16 01:10:41 UTC</createdTime>
<ownerDesignName>s2exp4</ownerDesignName>
<indexState>Foreign Key</indexState>
<isSurrogateKey>false</isSurrogateKey>
<indexColumnUsage>
<colUsage columnID="A8221A37-A988-352C-C143-A2D5E4D04A46"/>
</indexColumnUsage>
</ind_PK_UK>
<ind_PK_UK id="228E7EA4-949B-C38F-75ED-8505FCED814A" name="ATENCION_PACIENTE_FK">
<createdBy>exequ</createdBy>
<createdTime>2025-09-16 01:10:41 UTC</createdTime>
<ownerDesignName>s2exp4</ownerDesignName>
<indexState>Foreign Key</indexState>
<isSurrogateKey>false</isSurrogateKey>
<indexColumnUsage>
<colUsage columnID="8382C9E5-2FC4-92B3-8BF8-3086E3CA2CFB"/>
</indexColumnUsage>
</ind_PK_UK>
</indexes>
</Table>