<?xml version = '1.0' encoding = 'UTF-8'?>
<Table class="oracle.dbtools.crest.model.design.relational.Table" directorySegmentName="seg_0" id="172BF49D-A531-57FF-987C-571369B68105" name="MEDIO_PAGO">
<sourceConnName>XE</sourceConnName>
<sourceObjSchema>SYSTEM</sourceObjSchema>
<sourceObjName>MEDIO_PAGO</sourceObjName>
<createdBy>exequ</createdBy>
<createdTime>2025-09-16 01:10:39 UTC</createdTime>
<ownerDesignName>s2exp4</ownerDesignName>
<allowColumnReorder>false</allowColumnReorder>
<existDependencyGenerateInDDl>true</existDependencyGenerateInDDl>
<parsed>true</parsed>
<columns itemClass="oracle.dbtools.crest.model.design.relational.Column">
<Column name="ID_MEDIO_PAGO" id="6854C958-18C6-6B83-CF08-A0FC9521B519">
<sourceConnName>XE</sourceConnName>
<sourceObjSchema>MEDIO_PAGO</sourceObjSchema>
<sourceObjName>ID_MEDIO_PAGO</sourceObjName>
<createdBy>exequ</createdBy>
<createdTime>2025-09-16 01:10:39 UTC</createdTime>
<ownerDesignName>s2exp4</ownerDesignName>
<useDomainConstraints>false</useDomainConstraints>
<use>1</use>
<logicalDatatype>LOGDT019</logicalDatatype>
<dataTypePrecision>10</dataTypePrecision>
<ownDataTypeParameters>,10,</ownDataTypeParameters>
<autoIncrementCycle>false</autoIncrementCycle>
</Column>
<Column name="TIPO" id="450BE828-63A4-4BAC-9196-CFB39AAF9481">
<sourceConnName>XE</sourceConnName>
<sourceObjSchema>MEDIO_PAGO</sourceObjSchema>
<sourceObjName>TIPO</sourceObjName>
<createdBy>exequ</createdBy>
<createdTime>2025-09-16 01:10:39 UTC</createdTime>
<ownerDesignName>s2exp4</ownerDesignName>
<constraintName>SYS_C008493</constraintName>
<nullsAllowed>true</nullsAllowed>
<useDomainConstraints>false</useDomainConstraints>
<use>1</use>
<logicalDatatype>LOGDT024</logicalDatatype>
<dataTypeSize>20 CHAR</dataTypeSize>
<listOfValues>
<valueDef value="&apos;Convenio&apos;" description=""/>
<valueDef value="&apos;Efectivo&apos;" description=""/>
<valueDef value="&apos;Tarjeta&apos;" description=""/>
</listOfValues>
<ownDataTypeParameters>20 CHAR,,</ownDataTypeParameters>
<autoIncrementCycle>false</autoIncrementCycle>
</Column>
<Column name="DESCRIPCION" id="A20C32B8-8C4F-EF52-3D09-9AFD9F403149">
<sourceConnName>XE</sourceConnName>
<sourceObjSchema>MEDIO_PAGO</sourceObjSchema>
<sourceObjName>DESCRIPCION</sourceObjName>
<createdBy>exequ</createdBy>
<createdTime>2025-09-16 01:10:39 UTC</createdTime>
<ownerDesignName>s2exp4</ownerDesignName>
<nullsAllowed>true</nullsAllowed>
<useDomainConstraints>false</useDomainConstraints>
<use>1</use>
<logicalDatatype>LOGDT024</logicalDatatype>
<dataTypeSize>255 CHAR</dataTypeSize>
<ownDataTypeParameters>255 CHAR,,</ownDataTypeParameters>
<autoIncrementCycle>false</autoIncrementCycle>
</Column>
<Column name="ID_ATENCION" id="1981214B-756F-95F7-727F-F64B935E81E3">
<sourceConnName>XE</sourceConnName>
<sourceObjSchema>MEDIO_PAGO</sourceObjSchema>
<sourceObjName>ID_ATENCION</sourceObjName>
<createdBy>exequ</createdBy>
<createdTime>2025-09-16 01:10:39 UTC</createdTime>
<ownerDesignName>s2exp4</ownerDesignName>
<useDomainConstraints>false</useDomainConstraints>
<use>1</use>
<logicalDatatype>LOGDT019</logicalDatatype>
<dataTypePrecision>10</dataTypePrecision>
<ownDataTypeParameters>,,</ownDataTypeParameters>
<autoIncrementCycle>false</autoIncrementCycle>
<associations>
<colAssociation fkAssociation="3213BD77-5D79-7CF6-B633-F9F6AE1FBE4C" referredColumn="20D038FC-92C5-6A1B-F0E3-B35F4E9DCB2A"/>
</associations>
</Column>
<Column name="ATENCION_MEDICA_HORA_ATENCION" id="242AF91F-AB1C-DD7B-3098-ABD3A28A6D27">
<createdBy>exequ</createdBy>
<createdTime>2025-09-16 01:24:12 UTC</createdTime>
<ownerDesignName>s2exp4</ownerDesignName>
<useDomainConstraints>false</useDomainConstraints>
<use>1</use>
<logicalDatatype>LOGDT024</logicalDatatype>
<dataTypeSize>5 CHAR</dataTypeSize>
<ownDataTypeParameters>,,</ownDataTypeParameters>
<previousColumn>false</previousColumn>
<autoIncrementCycle>false</autoIncrementCycle>
<associations>
<colAssociation fkAssociation="3213BD77-5D79-7CF6-B633-F9F6AE1FBE4C" referredColumn="2A14DEE6-7A99-73D6-7386-5D59D2A5FEA2"/>
</associations>
</Column>
</columns>
<indexes itemClass="oracle.dbtools.crest.model.design.relational.Index">
<ind_PK_UK id="B91E87DD-A541-DED4-D004-647284E23BB2" schemaObject="6263E261-1A61-1DBD-B5DE-D09A27ABAFCE" name="MEDIO_PAGO_PK">
<sourceConnName>XE</sourceConnName>
<sourceObjSchema>SYSTEM</sourceObjSchema>
<sourceObjName>SYS_C008494</sourceObjName>
<createdBy>exequ</createdBy>
<createdTime>2025-09-16 01:10:39 UTC</createdTime>
<ownerDesignName>s2exp4</ownerDesignName>
<pk>true</pk>
<indexState>Primary Constraint</indexState>
<isSurrogateKey>false</isSurrogateKey>
<indexColumnUsage>
<colUsage columnID="6854C958-18C6-6B83-CF08-A0FC9521B519"/>
</indexColumnUsage>
</ind_PK_UK>
<ind_PK_UK id="A926A288-3654-B825-ED55-B6934056FC77" schemaObject="6263E261-1A61-1DBD-B5DE-D09A27ABAFCE" name="MEDIO_PAGO_ID_ATENCION_UN">
<sourceConnName>XE</sourceConnName>
<sourceObjSchema>SYSTEM</sourceObjSchema>
<sourceObjName>SYS_C008495</sourceObjName>
<createdBy>exequ</createdBy>
<createdTime>2025-09-16 01:10:39 UTC</createdTime>
<ownerDesignName>s2exp4</ownerDesignName>
<indexState>Unique Constraint</indexState>
<isSurrogateKey>false</isSurrogateKey>
<indexColumnUsage>
<colUsage columnID="1981214B-756F-95F7-727F-F64B935E81E3"/>
</indexColumnUsage>
</ind_PK_UK>
<ind_PK_UK id="5E5F247C-364F-0E8E-EC0A-93C8BB5E046B" name="MEDIO_PAGO_ATENCION_FK">
<createdBy>exequ</createdBy>
<createdTime>2025-09-16 01:10:41 UTC</createdTime>
<ownerDesignName>s2exp4</ownerDesignName>
<indexState>Foreign Key</indexState>
<isSurrogateKey>false</isSurrogateKey>
<indexColumnUsage>
<colUsage columnID="1981214B-756F-95F7-727F-F64B935E81E3"/>
<colUsage columnID="242AF91F-AB1C-DD7B-3098-ABD3A28A6D27"/>
</indexColumnUsage>
</ind_PK_UK>
</indexes>
</Table>