<?xml version = '1.0' encoding = 'UTF-8'?>
<Table class="oracle.dbtools.crest.model.design.relational.Table" directorySegmentName="seg_0" id="3F7292EA-03AB-11E9-5DAF-F31664FCE517" name="ATENCION_EXAMEN">
<sourceConnName>XE</sourceConnName>
<sourceObjSchema>SYSTEM</sourceObjSchema>
<sourceObjName>ATENCION_EXAMEN</sourceObjName>
<createdBy>exequ</createdBy>
<createdTime>2025-09-16 01:10:39 UTC</createdTime>
<ownerDesignName>s2exp4</ownerDesignName>
<allowColumnReorder>false</allowColumnReorder>
<existDependencyGenerateInDDl>true</existDependencyGenerateInDDl>
<parsed>true</parsed>
<columns itemClass="oracle.dbtools.crest.model.design.relational.Column">
<Column name="ID_ATENCION" id="975C5D62-52DF-1121-E898-1555010D51E1">
<sourceConnName>XE</sourceConnName>
<sourceObjSchema>ATENCION_EXAMEN</sourceObjSchema>
<sourceObjName>ID_ATENCION</sourceObjName>
<createdBy>exequ</createdBy>
<createdTime>2025-09-16 01:10:39 UTC</createdTime>
<ownerDesignName>s2exp4</ownerDesignName>
<useDomainConstraints>false</useDomainConstraints>
<use>1</use>
<logicalDatatype>LOGDT019</logicalDatatype>
<dataTypePrecision>10</dataTypePrecision>
<ownDataTypeParameters>,,</ownDataTypeParameters>
<autoIncrementCycle>false</autoIncrementCycle>
<associations>
<colAssociation fkAssociation="7D5D9CE4-5893-2AF3-9640-35E1A70E0FB6" referredColumn="20D038FC-92C5-6A1B-F0E3-B35F4E9DCB2A"/>
</associations>
</Column>
<Column name="ID_EXAMEN" id="0E8ED59A-D82C-A0B2-3DFA-BED1763BFACE">
<sourceConnName>XE</sourceConnName>
<sourceObjSchema>ATENCION_EXAMEN</sourceObjSchema>
<sourceObjName>ID_EXAMEN</sourceObjName>
<createdBy>exequ</createdBy>
<createdTime>2025-09-16 01:10:39 UTC</createdTime>
<ownerDesignName>s2exp4</ownerDesignName>
<useDomainConstraints>false</useDomainConstraints>
<use>1</use>
<logicalDatatype>LOGDT019</logicalDatatype>
<dataTypePrecision>10</dataTypePrecision>
<ownDataTypeParameters>,,</ownDataTypeParameters>
<autoIncrementCycle>false</autoIncrementCycle>
<associations>
<colAssociation fkAssociation="2F8011CA-6015-CE7F-2E12-878907EA0B14" referredColumn="F5EEABAE-A32C-E0AC-7B03-0310E6A65AC6"/>
</associations>
</Column>
<Column name="ATENCION_MEDICA_HORA_ATENCION" id="84782946-BACE-B251-F9D0-EDD319FF4E7C">
<createdBy>exequ</createdBy>
<createdTime>2025-09-16 01:24:12 UTC</createdTime>
<ownerDesignName>s2exp4</ownerDesignName>
<useDomainConstraints>false</useDomainConstraints>
<use>1</use>
<logicalDatatype>LOGDT024</logicalDatatype>
<dataTypeSize>5 CHAR</dataTypeSize>
<ownDataTypeParameters>,,</ownDataTypeParameters>
<previousColumn>false</previousColumn>
<autoIncrementCycle>false</autoIncrementCycle>
<associations>
<colAssociation fkAssociation="7D5D9CE4-5893-2AF3-9640-35E1A70E0FB6" referredColumn="2A14DEE6-7A99-73D6-7386-5D59D2A5FEA2"/>
</associations>
</Column>
</columns>
<indexes itemClass="oracle.dbtools.crest.model.design.relational.Index">
<ind_PK_UK id="82FB837D-94CC-35D7-4AA6-138909945F47" schemaObject="6263E261-1A61-1DBD-B5DE-D09A27ABAFCE" name="ATENCION_EXAMEN_PK">
<sourceConnName>XE</sourceConnName>
<sourceObjSchema>SYSTEM</sourceObjSchema>
<sourceObjName>SYS_C008489</sourceObjName>
<createdBy>exequ</createdBy>
<createdTime>2025-09-16 01:10:39 UTC</createdTime>
<ownerDesignName>s2exp4</ownerDesignName>
<pk>true</pk>
<indexState>Primary Constraint</indexState>
<isSurrogateKey>false</isSurrogateKey>
<indexColumnUsage>
<colUsage columnID="975C5D62-52DF-1121-E898-1555010D51E1"/>
<colUsage columnID="0E8ED59A-D82C-A0B2-3DFA-BED1763BFACE"/>
</indexColumnUsage>
</ind_PK_UK>
<ind_PK_UK id="96CD3F02-0273-7982-B175-D79E547AC55D" name="ATENCION_EXAMEN_ATENCION_FK">
<createdBy>exequ</createdBy>
<createdTime>2025-09-16 01:10:41 UTC</createdTime>
<ownerDesignName>s2exp4</ownerDesignName>
<indexState>Foreign Key</indexState>
<isSurrogateKey>false</isSurrogateKey>
<indexColumnUsage>
<colUsage columnID="975C5D62-52DF-1121-E898-1555010D51E1"/>
<colUsage columnID="84782946-BACE-B251-F9D0-EDD319FF4E7C"/>
</indexColumnUsage>
</ind_PK_UK>
<ind_PK_UK id="C5F5F9F3-22EC-B1C2-AEFB-4CB659570552" name="ATENCION_EXAMEN_EXAMEN_FK">
<createdBy>exequ</createdBy>
<createdTime>2025-09-16 01:10:41 UTC</createdTime>
<ownerDesignName>s2exp4</ownerDesignName>
<indexState>Foreign Key</indexState>
<isSurrogateKey>false</isSurrogateKey>
<indexColumnUsage>
<colUsage columnID="0E8ED59A-D82C-A0B2-3DFA-BED1763BFACE"/>
</indexColumnUsage>
</ind_PK_UK>
</indexes>
</Table>