<?xml version = '1.0' encoding = 'UTF-8'?>
<Table class="oracle.dbtools.crest.model.design.relational.Table" directorySegmentName="seg_0" id="4047F44E-6E84-37CC-BB15-3AC280278558" name="PACIENTE">
<sourceConnName>XE</sourceConnName>
<sourceObjSchema>SYSTEM</sourceObjSchema>
<sourceObjName>PACIENTE</sourceObjName>
<createdBy>exequ</createdBy>
<createdTime>2025-09-16 01:10:39 UTC</createdTime>
<ownerDesignName>s2exp4</ownerDesignName>
<allowColumnReorder>false</allowColumnReorder>
<existDependencyGenerateInDDl>true</existDependencyGenerateInDDl>
<parsed>true</parsed>
<columns itemClass="oracle.dbtools.crest.model.design.relational.Column">
<Column name="ID_PACIENTE" id="D85F7DC2-E8D4-C157-91E8-6E99C8B8A6B2">
<sourceConnName>XE</sourceConnName>
<sourceObjSchema>PACIENTE</sourceObjSchema>
<sourceObjName>ID_PACIENTE</sourceObjName>
<createdBy>exequ</createdBy>
<createdTime>2025-09-16 01:10:39 UTC</createdTime>
<ownerDesignName>s2exp4</ownerDesignName>
<useDomainConstraints>false</useDomainConstraints>
<use>1</use>
<logicalDatatype>LOGDT019</logicalDatatype>
<dataTypePrecision>10</dataTypePrecision>
<ownDataTypeParameters>,10,</ownDataTypeParameters>
<autoIncrementCycle>false</autoIncrementCycle>
</Column>
<Column name="RUT_PACIENTE" id="384F6C52-4C02-3E84-1CE7-E87F5501A423">
<sourceConnName>XE</sourceConnName>
<sourceObjSchema>PACIENTE</sourceObjSchema>
<sourceObjName>RUT_PACIENTE</sourceObjName>
<createdBy>exequ</createdBy>
<createdTime>2025-09-16 01:10:39 UTC</createdTime>
<ownerDesignName>s2exp4</ownerDesignName>
<useDomainConstraints>false</useDomainConstraints>
<use>1</use>
<logicalDatatype>LOGDT024</logicalDatatype>
<dataTypeSize>12 CHAR</dataTypeSize>
<ownDataTypeParameters>12 CHAR,,</ownDataTypeParameters>
<autoIncrementCycle>false</autoIncrementCycle>
</Column>
<Column name="NOMBRE_PACIENTE" id="A541787C-99D4-8AE0-AFBC-672F7742B52B">
<sourceConnName>XE</sourceConnName>
<sourceObjSchema>PACIENTE</sourceObjSchema>
<sourceObjName>NOMBRE_PACIENTE</sourceObjName>
<createdBy>exequ</createdBy>
<createdTime>2025-09-16 01:10:39 UTC</createdTime>
<ownerDesignName>s2exp4</ownerDesignName>
<useDomainConstraints>false</useDomainConstraints>
<use>1</use>
<logicalDatatype>LOGDT024</logicalDatatype>
<dataTypeSize>50 CHAR</dataTypeSize>
<ownDataTypeParameters>50 CHAR,,</ownDataTypeParameters>
<autoIncrementCycle>false</autoIncrementCycle>
</Column>
<Column name="PRIMER_APELLIDO" id="BB3419B8-9C1D-8584-8A56-0441814C7C3B">
<sourceConnName>XE</sourceConnName>
<sourceObjSchema>PACIENTE</sourceObjSchema>
<sourceObjName>PRIMER_APELLIDO</sourceObjName>
<createdBy>exequ</createdBy>
<createdTime>2025-09-16 01:10:39 UTC</createdTime>
<ownerDesignName>s2exp4</ownerDesignName>
<useDomainConstraints>false</useDomainConstraints>
<use>1</use>
<logicalDatatype>LOGDT024</logicalDatatype>
<dataTypeSize>30 CHAR</dataTypeSize>
<ownDataTypeParameters>30 CHAR,,</ownDataTypeParameters>
<autoIncrementCycle>false</autoIncrementCycle>
</Column>
<Column name="SEGUNDO_APELLIDO" id="34453F4E-2BCE-5E8F-76A5-C93C85BB9867">
<sourceConnName>XE</sourceConnName>
<sourceObjSchema>PACIENTE</sourceObjSchema>
<sourceObjName>SEGUNDO_APELLIDO</sourceObjName>
<createdBy>exequ</createdBy>
<createdTime>2025-09-16 01:10:39 UTC</createdTime>
<ownerDesignName>s2exp4</ownerDesignName>
<nullsAllowed>true</nullsAllowed>
<useDomainConstraints>false</useDomainConstraints>
<use>1</use>
<logicalDatatype>LOGDT024</logicalDatatype>
<dataTypeSize>30 CHAR</dataTypeSize>
<ownDataTypeParameters>30 CHAR,,</ownDataTypeParameters>
<autoIncrementCycle>false</autoIncrementCycle>
</Column>
<Column name="SEXO" id="FB4A6D1B-FC79-F337-BC51-E0ECED1572E0">
<sourceConnName>XE</sourceConnName>
<sourceObjSchema>PACIENTE</sourceObjSchema>
<sourceObjName>SEXO</sourceObjName>
<createdBy>exequ</createdBy>
<createdTime>2025-09-16 01:10:39 UTC</createdTime>
<ownerDesignName>s2exp4</ownerDesignName>
<constraintName>SYS_C008447</constraintName>
<nullsAllowed>true</nullsAllowed>
<useDomainConstraints>false</useDomainConstraints>
<use>1</use>
<logicalDatatype>LOGDT025</logicalDatatype>
<dataTypeSize>1 CHAR</dataTypeSize>
<listOfValues>
<valueDef value="&apos;F&apos;" description=""/>
<valueDef value="&apos;M&apos;" description=""/>
<valueDef value="&apos;O&apos;" description=""/>
</listOfValues>
<ownDataTypeParameters>1 CHAR,,</ownDataTypeParameters>
<autoIncrementCycle>false</autoIncrementCycle>
</Column>
<Column name="FECHA_NAC" id="F42A7703-F63D-2DDC-4C1A-194B3A16AA6E">
<sourceConnName>XE</sourceConnName>
<sourceObjSchema>PACIENTE</sourceObjSchema>
<sourceObjName>FECHA_NAC</sourceObjName>
<createdBy>exequ</createdBy>
<createdTime>2025-09-16 01:10:39 UTC</createdTime>
<ownerDesignName>s2exp4</ownerDesignName>
<useDomainConstraints>false</useDomainConstraints>
<use>1</use>
<logicalDatatype>LOGDT007</logicalDatatype>
<dataTypeSize>7</dataTypeSize>
<ownDataTypeParameters>7,,</ownDataTypeParameters>
<autoIncrementCycle>false</autoIncrementCycle>
</Column>
<Column name="DIRECCION" id="F27F9C25-BEAD-A551-1EC1-C51487874BE7">
<sourceConnName>XE</sourceConnName>
<sourceObjSchema>PACIENTE</sourceObjSchema>
<sourceObjName>DIRECCION</sourceObjName>
<createdBy>exequ</createdBy>
<createdTime>2025-09-16 01:10:39 UTC</createdTime>
<ownerDesignName>s2exp4</ownerDesignName>
<useDomainConstraints>false</useDomainConstraints>
<use>1</use>
<logicalDatatype>LOGDT024</logicalDatatype>
<dataTypeSize>200 CHAR</dataTypeSize>
<ownDataTypeParameters>200 CHAR,,</ownDataTypeParameters>
<autoIncrementCycle>false</autoIncrementCycle>
</Column>
<Column name="TIPO_USUARIO" id="4A038650-0670-924C-4794-379D49C59E74">
<sourceConnName>XE</sourceConnName>
<sourceObjSchema>PACIENTE</sourceObjSchema>
<sourceObjName>TIPO_USUARIO</sourceObjName>
<createdBy>exequ</createdBy>
<createdTime>2025-09-16 01:10:39 UTC</createdTime>
<ownerDesignName>s2exp4</ownerDesignName>
<constraintName>SYS_C008448</constraintName>
<nullsAllowed>true</nullsAllowed>
<useDomainConstraints>false</useDomainConstraints>
<use>1</use>
<logicalDatatype>LOGDT024</logicalDatatype>
<dataTypeSize>20 CHAR</dataTypeSize>
<listOfValues>
<valueDef value="&apos;Estudiante&apos;" description=""/>
<valueDef value="&apos;Externo&apos;" description=""/>
<valueDef value="&apos;Funcionario&apos;" description=""/>
</listOfValues>
<ownDataTypeParameters>20 CHAR,,</ownDataTypeParameters>
<autoIncrementCycle>false</autoIncrementCycle>
</Column>
<Column name="ID_COMUNA" id="0118B714-0BBD-F1BC-5E78-1A477DD71D00">
<sourceConnName>XE</sourceConnName>
<sourceObjSchema>PACIENTE</sourceObjSchema>
<sourceObjName>ID_COMUNA</sourceObjName>
<createdBy>exequ</createdBy>
<createdTime>2025-09-16 01:10:39 UTC</createdTime>
<ownerDesignName>s2exp4</ownerDesignName>
<useDomainConstraints>false</useDomainConstraints>
<use>1</use>
<logicalDatatype>LOGDT019</logicalDatatype>
<dataTypePrecision>5</dataTypePrecision>
<ownDataTypeParameters>,,</ownDataTypeParameters>
<autoIncrementCycle>false</autoIncrementCycle>
<associations>
<colAssociation fkAssociation="4685294E-047A-9940-B94E-1C0A6CA1B203" referredColumn="74A5470F-08AB-5509-07FA-4F9A899B08D6"/>
</associations>
</Column>
</columns>
<indexes itemClass="oracle.dbtools.crest.model.design.relational.Index">
<ind_PK_UK id="3CD4C96A-85BC-8CDB-A45C-0F61B0C2B414" schemaObject="6263E261-1A61-1DBD-B5DE-D09A27ABAFCE" name="PACIENTE_PK">
<sourceConnName>XE</sourceConnName>
<sourceObjSchema>SYSTEM</sourceObjSchema>
<sourceObjName>SYS_C008449</sourceObjName>
<createdBy>exequ</createdBy>
<createdTime>2025-09-16 01:10:39 UTC</createdTime>
<ownerDesignName>s2exp4</ownerDesignName>
<pk>true</pk>
<indexState>Primary Constraint</indexState>
<isSurrogateKey>false</isSurrogateKey>
<indexColumnUsage>
<colUsage columnID="D85F7DC2-E8D4-C157-91E8-6E99C8B8A6B2"/>
</indexColumnUsage>
</ind_PK_UK>
<ind_PK_UK id="7AD1CB58-4517-6D4B-4530-4B02816D3B5C" schemaObject="6263E261-1A61-1DBD-B5DE-D09A27ABAFCE" name="PACIENTE_RUT_PACIENTE_UN">
<sourceConnName>XE</sourceConnName>
<sourceObjSchema>SYSTEM</sourceObjSchema>
<sourceObjName>SYS_C008450</sourceObjName>
<createdBy>exequ</createdBy>
<createdTime>2025-09-16 01:10:39 UTC</createdTime>
<ownerDesignName>s2exp4</ownerDesignName>
<indexState>Unique Constraint</indexState>
<isSurrogateKey>false</isSurrogateKey>
<indexColumnUsage>
<colUsage columnID="384F6C52-4C02-3E84-1CE7-E87F5501A423"/>
</indexColumnUsage>
</ind_PK_UK>
<ind_PK_UK id="E16610DC-0E4E-3034-4451-7479A3F6B199" name="PACIENTE_COMUNA_FK">
<createdBy>exequ</createdBy>
<createdTime>2025-09-16 01:10:41 UTC</createdTime>
<ownerDesignName>s2exp4</ownerDesignName>
<indexState>Foreign Key</indexState>
<isSurrogateKey>false</isSurrogateKey>
<indexColumnUsage>
<colUsage columnID="0118B714-0BBD-F1BC-5E78-1A477DD71D00"/>
</indexColumnUsage>
</ind_PK_UK>
</indexes>
</Table>