<?xml version = '1.0' encoding = 'UTF-8'?>
<Table class="oracle.dbtools.crest.model.design.relational.Table" directorySegmentName="seg_0" id="509C4944-C276-B36D-C471-54376DACB974" name="PAGO_CONVENIO">
<sourceConnName>XE</sourceConnName>
<sourceObjSchema>SYSTEM</sourceObjSchema>
<sourceObjName>PAGO_CONVENIO</sourceObjName>
<createdBy>exequ</createdBy>
<createdTime>2025-09-16 01:10:39 UTC</createdTime>
<ownerDesignName>s2exp4</ownerDesignName>
<allowColumnReorder>false</allowColumnReorder>
<existDependencyGenerateInDDl>true</existDependencyGenerateInDDl>
<parsed>true</parsed>
<columns itemClass="oracle.dbtools.crest.model.design.relational.Column">
<Column name="ID_MEDIO_PAGO" id="F5868537-65D0-2EAA-0355-B88D3B36DD02">
<sourceConnName>XE</sourceConnName>
<sourceObjSchema>PAGO_CONVENIO</sourceObjSchema>
<sourceObjName>ID_MEDIO_PAGO</sourceObjName>
<createdBy>exequ</createdBy>
<createdTime>2025-09-16 01:10:39 UTC</createdTime>
<ownerDesignName>s2exp4</ownerDesignName>
<useDomainConstraints>false</useDomainConstraints>
<use>1</use>
<logicalDatatype>LOGDT019</logicalDatatype>
<dataTypePrecision>10</dataTypePrecision>
<ownDataTypeParameters>,,</ownDataTypeParameters>
<autoIncrementCycle>false</autoIncrementCycle>
<associations>
<colAssociation fkAssociation="1DF157DA-CBEA-306B-1CD9-81919EDAB2C7" referredColumn="6854C958-18C6-6B83-CF08-A0FC9521B519"/>
</associations>
</Column>
<Column name="NOMBRE_CONVENIO" id="576E0455-75F3-81BC-263A-614CDC0181B0">
<sourceConnName>XE</sourceConnName>
<sourceObjSchema>PAGO_CONVENIO</sourceObjSchema>
<sourceObjName>NOMBRE_CONVENIO</sourceObjName>
<createdBy>exequ</createdBy>
<createdTime>2025-09-16 01:10:39 UTC</createdTime>
<ownerDesignName>s2exp4</ownerDesignName>
<useDomainConstraints>false</useDomainConstraints>
<use>1</use>
<logicalDatatype>LOGDT024</logicalDatatype>
<dataTypeSize>50 CHAR</dataTypeSize>
<ownDataTypeParameters>50 CHAR,,</ownDataTypeParameters>
<autoIncrementCycle>false</autoIncrementCycle>
</Column>
<Column name="NRO_BONO" id="188C1892-75A9-3FC9-5FD5-09A74F6FA1E1">
<sourceConnName>XE</sourceConnName>
<sourceObjSchema>PAGO_CONVENIO</sourceObjSchema>
<sourceObjName>NRO_BONO</sourceObjName>
<createdBy>exequ</createdBy>
<createdTime>2025-09-16 01:10:39 UTC</createdTime>
<ownerDesignName>s2exp4</ownerDesignName>
<useDomainConstraints>false</useDomainConstraints>
<use>1</use>
<logicalDatatype>LOGDT024</logicalDatatype>
<dataTypeSize>50 CHAR</dataTypeSize>
<ownDataTypeParameters>50 CHAR,,</ownDataTypeParameters>
<autoIncrementCycle>false</autoIncrementCycle>
</Column>
</columns>
<indexes itemClass="oracle.dbtools.crest.model.design.relational.Index">
<ind_PK_UK id="F460E0DA-1C32-88E2-BB10-D94B933094B7" schemaObject="6263E261-1A61-1DBD-B5DE-D09A27ABAFCE" name="PAGO_CONVENIO_PK">
<sourceConnName>XE</sourceConnName>
<sourceObjSchema>SYSTEM</sourceObjSchema>
<sourceObjName>SYS_C008505</sourceObjName>
<createdBy>exequ</createdBy>
<createdTime>2025-09-16 01:10:39 UTC</createdTime>
<ownerDesignName>s2exp4</ownerDesignName>
<pk>true</pk>
<indexState>Primary Constraint</indexState>
<isSurrogateKey>false</isSurrogateKey>
<indexColumnUsage>
<colUsage columnID="F5868537-65D0-2EAA-0355-B88D3B36DD02"/>
</indexColumnUsage>
</ind_PK_UK>
<ind_PK_UK id="DEC7445C-4804-63D4-F5A8-93908F474315" name="PAGO_CONVENIO_MEDIO_FK">
<createdBy>exequ</createdBy>
<createdTime>2025-09-16 01:10:41 UTC</createdTime>
<ownerDesignName>s2exp4</ownerDesignName>
<indexState>Foreign Key</indexState>
<isSurrogateKey>false</isSurrogateKey>
<indexColumnUsage>
<colUsage columnID="F5868537-65D0-2EAA-0355-B88D3B36DD02"/>
</indexColumnUsage>
</ind_PK_UK>
</indexes>
</Table>