<?xml version = '1.0' encoding = 'UTF-8'?>
<Table class="oracle.dbtools.crest.model.design.relational.Table" directorySegmentName="seg_0" id="66512771-24DE-A451-FBC7-2BE3A22D3622" name="UNIDAD_ATENCION">
<sourceConnName>XE</sourceConnName>
<sourceObjSchema>SYSTEM</sourceObjSchema>
<sourceObjName>UNIDAD_ATENCION</sourceObjName>
<createdBy>exequ</createdBy>
<createdTime>2025-09-16 01:10:39 UTC</createdTime>
<ownerDesignName>s2exp4</ownerDesignName>
<allowColumnReorder>false</allowColumnReorder>
<existDependencyGenerateInDDl>true</existDependencyGenerateInDDl>
<parsed>true</parsed>
<columns itemClass="oracle.dbtools.crest.model.design.relational.Column">
<Column name="ID_UNIDAD" id="395BECAC-D8E6-694E-92B4-A9E700014D03">
<sourceConnName>XE</sourceConnName>
<sourceObjSchema>UNIDAD_ATENCION</sourceObjSchema>
<sourceObjName>ID_UNIDAD</sourceObjName>
<createdBy>exequ</createdBy>
<createdTime>2025-09-16 01:10:39 UTC</createdTime>
<ownerDesignName>s2exp4</ownerDesignName>
<useDomainConstraints>false</useDomainConstraints>
<use>1</use>
<logicalDatatype>LOGDT019</logicalDatatype>
<dataTypePrecision>3</dataTypePrecision>
<ownDataTypeParameters>,3,</ownDataTypeParameters>
<autoIncrementCycle>false</autoIncrementCycle>
</Column>
<Column name="NOMBRE" id="5F676E4C-3749-295B-CC87-6C67B5B526CA">
<sourceConnName>XE</sourceConnName>
<sourceObjSchema>UNIDAD_ATENCION</sourceObjSchema>
<sourceObjName>NOMBRE</sourceObjName>
<createdBy>exequ</createdBy>
<createdTime>2025-09-16 01:10:39 UTC</createdTime>
<ownerDesignName>s2exp4</ownerDesignName>
<useDomainConstraints>false</useDomainConstraints>
<use>1</use>
<logicalDatatype>LOGDT024</logicalDatatype>
<dataTypeSize>50 CHAR</dataTypeSize>
<ownDataTypeParameters>50 CHAR,,</ownDataTypeParameters>
<autoIncrementCycle>false</autoIncrementCycle>
</Column>
</columns>
<indexes itemClass="oracle.dbtools.crest.model.design.relational.Index">
<ind_PK_UK id="1FE65C8E-BB53-D6DC-957F-3E6FF80E9728" schemaObject="6263E261-1A61-1DBD-B5DE-D09A27ABAFCE" name="UNIDAD_ATENCION_PK">
<sourceConnName>XE</sourceConnName>
<sourceObjSchema>SYSTEM</sourceObjSchema>
<sourceObjName>SYS_C008459</sourceObjName>
<createdBy>exequ</createdBy>
<createdTime>2025-09-16 01:10:39 UTC</createdTime>
<ownerDesignName>s2exp4</ownerDesignName>
<pk>true</pk>
<indexState>Primary Constraint</indexState>
<isSurrogateKey>false</isSurrogateKey>
<indexColumnUsage>
<colUsage columnID="395BECAC-D8E6-694E-92B4-A9E700014D03"/>
</indexColumnUsage>
</ind_PK_UK>
</indexes>
</Table>