<?xml version = '1.0' encoding = 'UTF-8'?>
<Table class="oracle.dbtools.crest.model.design.relational.Table" directorySegmentName="seg_0" id="922620E1-2C8A-B526-DBA1-3FD5A92A5C92" name="PAGO_TARJETA">
<sourceConnName>XE</sourceConnName>
<sourceObjSchema>SYSTEM</sourceObjSchema>
<sourceObjName>PAGO_TARJETA</sourceObjName>
<createdBy>exequ</createdBy>
<createdTime>2025-09-16 01:10:39 UTC</createdTime>
<ownerDesignName>s2exp4</ownerDesignName>
<allowColumnReorder>false</allowColumnReorder>
<existDependencyGenerateInDDl>true</existDependencyGenerateInDDl>
<parsed>true</parsed>
<columns itemClass="oracle.dbtools.crest.model.design.relational.Column">
<Column name="ID_MEDIO_PAGO" id="C84FC7B0-5EB0-5E3C-FD60-2C6377473414">
<sourceConnName>XE</sourceConnName>
<sourceObjSchema>PAGO_TARJETA</sourceObjSchema>
<sourceObjName>ID_MEDIO_PAGO</sourceObjName>
<createdBy>exequ</createdBy>
<createdTime>2025-09-16 01:10:39 UTC</createdTime>
<ownerDesignName>s2exp4</ownerDesignName>
<useDomainConstraints>false</useDomainConstraints>
<use>1</use>
<logicalDatatype>LOGDT019</logicalDatatype>
<dataTypePrecision>10</dataTypePrecision>
<ownDataTypeParameters>,,</ownDataTypeParameters>
<autoIncrementCycle>false</autoIncrementCycle>
<associations>
<colAssociation fkAssociation="68FD6996-0F68-4099-35BE-3B614AB07985" referredColumn="6854C958-18C6-6B83-CF08-A0FC9521B519"/>
</associations>
</Column>
<Column name="COD_AUTORIZACION" id="4243CF18-6F75-D963-4787-40A7FF4703EB">
<sourceConnName>XE</sourceConnName>
<sourceObjSchema>PAGO_TARJETA</sourceObjSchema>
<sourceObjName>COD_AUTORIZACION</sourceObjName>
<createdBy>exequ</createdBy>
<createdTime>2025-09-16 01:10:39 UTC</createdTime>
<ownerDesignName>s2exp4</ownerDesignName>
<useDomainConstraints>false</useDomainConstraints>
<use>1</use>
<logicalDatatype>LOGDT024</logicalDatatype>
<dataTypeSize>50 CHAR</dataTypeSize>
<ownDataTypeParameters>50 CHAR,,</ownDataTypeParameters>
<autoIncrementCycle>false</autoIncrementCycle>
</Column>
<Column name="BANCO_EMISOR" id="D23DBE67-5CF0-CA66-66F9-1313AC77BDC5">
<sourceConnName>XE</sourceConnName>
<sourceObjSchema>PAGO_TARJETA</sourceObjSchema>
<sourceObjName>BANCO_EMISOR</sourceObjName>
<createdBy>exequ</createdBy>
<createdTime>2025-09-16 01:10:39 UTC</createdTime>
<ownerDesignName>s2exp4</ownerDesignName>
<useDomainConstraints>false</useDomainConstraints>
<use>1</use>
<logicalDatatype>LOGDT024</logicalDatatype>
<dataTypeSize>50 CHAR</dataTypeSize>
<ownDataTypeParameters>50 CHAR,,</ownDataTypeParameters>
<autoIncrementCycle>false</autoIncrementCycle>
</Column>
<Column name="TIPO_TARJETA" id="BB5CCF22-DC94-ADCF-EC86-A1AE0A08DB7F">
<sourceConnName>XE</sourceConnName>
<sourceObjSchema>PAGO_TARJETA</sourceObjSchema>
<sourceObjName>TIPO_TARJETA</sourceObjName>
<createdBy>exequ</createdBy>
<createdTime>2025-09-16 01:10:39 UTC</createdTime>
<ownerDesignName>s2exp4</ownerDesignName>
<constraintName>SYS_C008499</constraintName>
<nullsAllowed>true</nullsAllowed>
<useDomainConstraints>false</useDomainConstraints>
<use>1</use>
<logicalDatatype>LOGDT024</logicalDatatype>
<dataTypeSize>20 CHAR</dataTypeSize>
<listOfValues>
<valueDef value="&apos;Crédito&apos;" description=""/>
<valueDef value="&apos;Débito&apos;" description=""/>
</listOfValues>
<ownDataTypeParameters>20 CHAR,,</ownDataTypeParameters>
<autoIncrementCycle>false</autoIncrementCycle>
</Column>
</columns>
<indexes itemClass="oracle.dbtools.crest.model.design.relational.Index">
<ind_PK_UK id="BC16817A-B593-C7CD-9423-D952E7451308" schemaObject="6263E261-1A61-1DBD-B5DE-D09A27ABAFCE" name="PAGO_TARJETA_PK">
<sourceConnName>XE</sourceConnName>
<sourceObjSchema>SYSTEM</sourceObjSchema>
<sourceObjName>SYS_C008500</sourceObjName>
<createdBy>exequ</createdBy>
<createdTime>2025-09-16 01:10:39 UTC</createdTime>
<ownerDesignName>s2exp4</ownerDesignName>
<pk>true</pk>
<indexState>Primary Constraint</indexState>
<isSurrogateKey>false</isSurrogateKey>
<indexColumnUsage>
<colUsage columnID="C84FC7B0-5EB0-5E3C-FD60-2C6377473414"/>
</indexColumnUsage>
</ind_PK_UK>
<ind_PK_UK id="7F988F0A-3F72-0CEA-EBA4-4DF910EAE360" schemaObject="6263E261-1A61-1DBD-B5DE-D09A27ABAFCE" name="PAGO_TARJETA_COD_AUTORIZACION_UN">
<sourceConnName>XE</sourceConnName>
<sourceObjSchema>SYSTEM</sourceObjSchema>
<sourceObjName>SYS_C008501</sourceObjName>
<createdBy>exequ</createdBy>
<createdTime>2025-09-16 01:10:39 UTC</createdTime>
<ownerDesignName>s2exp4</ownerDesignName>
<indexState>Unique Constraint</indexState>
<isSurrogateKey>false</isSurrogateKey>
<indexColumnUsage>
<colUsage columnID="4243CF18-6F75-D963-4787-40A7FF4703EB"/>
</indexColumnUsage>
</ind_PK_UK>
<ind_PK_UK id="4CE7946F-323D-7B42-B039-7CF83052D861" name="PAGO_TARJETA_MEDIO_FK">
<createdBy>exequ</createdBy>
<createdTime>2025-09-16 01:10:41 UTC</createdTime>
<ownerDesignName>s2exp4</ownerDesignName>
<indexState>Foreign Key</indexState>
<isSurrogateKey>false</isSurrogateKey>
<indexColumnUsage>
<colUsage columnID="C84FC7B0-5EB0-5E3C-FD60-2C6377473414"/>
</indexColumnUsage>
</ind_PK_UK>
</indexes>
</Table>