<?xml version = '1.0' encoding = 'UTF-8'?>
<Table class="oracle.dbtools.crest.model.design.relational.Table" directorySegmentName="seg_0" id="FBA28A5A-8600-B9E8-54DA-85416B13D46E" name="MEDICO">
<sourceConnName>XE</sourceConnName>
<sourceObjSchema>SYSTEM</sourceObjSchema>
<sourceObjName>MEDICO</sourceObjName>
<createdBy>exequ</createdBy>
<createdTime>2025-09-16 01:10:39 UTC</createdTime>
<ownerDesignName>s2exp4</ownerDesignName>
<allowColumnReorder>false</allowColumnReorder>
<existDependencyGenerateInDDl>true</existDependencyGenerateInDDl>
<parsed>true</parsed>
<columns itemClass="oracle.dbtools.crest.model.design.relational.Column">
<Column name="ID_MEDICO" id="1B8A646A-71DF-2C81-354E-3593379B7760">
<sourceConnName>XE</sourceConnName>
<sourceObjSchema>MEDICO</sourceObjSchema>
<sourceObjName>ID_MEDICO</sourceObjName>
<createdBy>exequ</createdBy>
<createdTime>2025-09-16 01:10:39 UTC</createdTime>
<ownerDesignName>s2exp4</ownerDesignName>
<useDomainConstraints>false</useDomainConstraints>
<use>1</use>
<logicalDatatype>LOGDT019</logicalDatatype>
<dataTypePrecision>10</dataTypePrecision>
<ownDataTypeParameters>,10,</ownDataTypeParameters>
<autoIncrementCycle>false</autoIncrementCycle>
</Column>
<Column name="RUT_MEDICO" id="3B174377-2240-D464-F08E-6F82632D605D">
<sourceConnName>XE</sourceConnName>
<sourceObjSchema>MEDICO</sourceObjSchema>
<sourceObjName>RUT_MEDICO</sourceObjName>
<createdBy>exequ</createdBy>
<createdTime>2025-09-16 01:10:39 UTC</createdTime>
<ownerDesignName>s2exp4</ownerDesignName>
<useDomainConstraints>false</useDomainConstraints>
<use>1</use>
<logicalDatatype>LOGDT024</logicalDatatype>
<dataTypeSize>12 CHAR</dataTypeSize>
<ownDataTypeParameters>12 CHAR,,</ownDataTypeParameters>
<autoIncrementCycle>false</autoIncrementCycle>
</Column>
<Column name="NOMBRE_MEDICO" id="8EAD8E18-FFA1-E66F-36AE-482970CDCA4C">
<sourceConnName>XE</sourceConnName>
<sourceObjSchema>MEDICO</sourceObjSchema>
<sourceObjName>NOMBRE_MEDICO</sourceObjName>
<createdBy>exequ</createdBy>
<createdTime>2025-09-16 01:10:39 UTC</createdTime>
<ownerDesignName>s2exp4</ownerDesignName>
<useDomainConstraints>false</useDomainConstraints>
<use>1</use>
<logicalDatatype>LOGDT024</logicalDatatype>
<dataTypeSize>50 CHAR</dataTypeSize>
<ownDataTypeParameters>50 CHAR,,</ownDataTypeParameters>
<autoIncrementCycle>false</autoIncrementCycle>
</Column>
<Column name="PRIMER_APELLIDO" id="322CFC48-5718-E485-03BA-06675583A1AD">
<sourceConnName>XE</sourceConnName>
<sourceObjSchema>MEDICO</sourceObjSchema>
<sourceObjName>PRIMER_APELLIDO</sourceObjName>
<createdBy>exequ</createdBy>
<createdTime>2025-09-16 01:10:39 UTC</createdTime>
<ownerDesignName>s2exp4</ownerDesignName>
<useDomainConstraints>false</useDomainConstraints>
<use>1</use>
<logicalDatatype>LOGDT024</logicalDatatype>
<dataTypeSize>30 CHAR</dataTypeSize>
<ownDataTypeParameters>30 CHAR,,</ownDataTypeParameters>
<autoIncrementCycle>false</autoIncrementCycle>
</Column>
<Column name="SEGUNDO_APELLIDO" id="5E8FB30A-87F5-DD8C-CBD9-7E3CF86CA1BC">
<sourceConnName>XE</sourceConnName>
<sourceObjSchema>MEDICO</sourceObjSchema>
<sourceObjName>SEGUNDO_APELLIDO</sourceObjName>
<createdBy>exequ</createdBy>
<createdTime>2025-09-16 01:10:39 UTC</createdTime>
<ownerDesignName>s2exp4</ownerDesignName>
<nullsAllowed>true</nullsAllowed>
<useDomainConstraints>false</useDomainConstraints>
<use>1</use>
<logicalDatatype>LOGDT024</logicalDatatype>
<dataTypeSize>30 CHAR</dataTypeSize>
<ownDataTypeParameters>30 CHAR,,</ownDataTypeParameters>
<autoIncrementCycle>false</autoIncrementCycle>
</Column>
<Column name="FECHA_INGRESO" id="13941661-191E-8D09-E1F7-FABEBA5E2906">
<sourceConnName>XE</sourceConnName>
<sourceObjSchema>MEDICO</sourceObjSchema>
<sourceObjName>FECHA_INGRESO</sourceObjName>
<createdBy>exequ</createdBy>
<createdTime>2025-09-16 01:10:39 UTC</createdTime>
<ownerDesignName>s2exp4</ownerDesignName>
<useDomainConstraints>false</useDomainConstraints>
<use>1</use>
<logicalDatatype>LOGDT007</logicalDatatype>
<dataTypeSize>7</dataTypeSize>
<ownDataTypeParameters>7,,</ownDataTypeParameters>
<autoIncrementCycle>false</autoIncrementCycle>
</Column>
<Column name="ID_ESPECIALIDAD" id="F79C3AE7-7204-DFF7-8E0A-679F98BED01A">
<sourceConnName>XE</sourceConnName>
<sourceObjSchema>MEDICO</sourceObjSchema>
<sourceObjName>ID_ESPECIALIDAD</sourceObjName>
<createdBy>exequ</createdBy>
<createdTime>2025-09-16 01:10:39 UTC</createdTime>
<ownerDesignName>s2exp4</ownerDesignName>
<useDomainConstraints>false</useDomainConstraints>
<use>1</use>
<logicalDatatype>LOGDT019</logicalDatatype>
<dataTypePrecision>5</dataTypePrecision>
<ownDataTypeParameters>,,</ownDataTypeParameters>
<autoIncrementCycle>false</autoIncrementCycle>
<associations>
<colAssociation fkAssociation="B0D14DE1-33B3-BB11-75A9-70B972CA5CAB" referredColumn="B05D7B06-1113-9030-F090-7A654B59B60F"/>
</associations>
</Column>
<Column name="ID_AFP" id="1C4AF831-F740-1392-0468-7B32C1759453">
<sourceConnName>XE</sourceConnName>
<sourceObjSchema>MEDICO</sourceObjSchema>
<sourceObjName>ID_AFP</sourceObjName>
<createdBy>exequ</createdBy>
<createdTime>2025-09-16 01:10:39 UTC</createdTime>
<ownerDesignName>s2exp4</ownerDesignName>
<useDomainConstraints>false</useDomainConstraints>
<use>1</use>
<logicalDatatype>LOGDT019</logicalDatatype>
<dataTypePrecision>5</dataTypePrecision>
<ownDataTypeParameters>,,</ownDataTypeParameters>
<autoIncrementCycle>false</autoIncrementCycle>
<associations>
<colAssociation fkAssociation="3574A796-D6A3-E0FB-0F98-31B05C093DA7" referredColumn="DCB1EB8B-9CC7-3EBE-8B4A-7C4CE2D20BF8"/>
</associations>
</Column>
<Column name="ID_INSTITUCION" id="CE9B2A24-5643-AD0C-4E11-F8EA1E207B42">
<sourceConnName>XE</sourceConnName>
<sourceObjSchema>MEDICO</sourceObjSchema>
<sourceObjName>ID_INSTITUCION</sourceObjName>
<createdBy>exequ</createdBy>
<createdTime>2025-09-16 01:10:39 UTC</createdTime>
<ownerDesignName>s2exp4</ownerDesignName>
<useDomainConstraints>false</useDomainConstraints>
<use>1</use>
<logicalDatatype>LOGDT019</logicalDatatype>
<dataTypePrecision>5</dataTypePrecision>
<ownDataTypeParameters>,,</ownDataTypeParameters>
<autoIncrementCycle>false</autoIncrementCycle>
<associations>
<colAssociation fkAssociation="FF967214-DA90-CF77-BF22-6622CB710D09" referredColumn="63C32BCE-8031-EAA2-2A23-1FE77F562CBD"/>
</associations>
</Column>
<Column name="ID_UNIDAD" id="93E7BD20-B7A5-F2D6-F52E-1CD59BAFD538">
<sourceConnName>XE</sourceConnName>
<sourceObjSchema>MEDICO</sourceObjSchema>
<sourceObjName>ID_UNIDAD</sourceObjName>
<createdBy>exequ</createdBy>
<createdTime>2025-09-16 01:10:39 UTC</createdTime>
<ownerDesignName>s2exp4</ownerDesignName>
<useDomainConstraints>false</useDomainConstraints>
<use>1</use>
<logicalDatatype>LOGDT019</logicalDatatype>
<dataTypePrecision>3</dataTypePrecision>
<ownDataTypeParameters>,,</ownDataTypeParameters>
<autoIncrementCycle>false</autoIncrementCycle>
<associations>
<colAssociation fkAssociation="9A746711-299F-44B0-6210-1218D4EBFB8E" referredColumn="395BECAC-D8E6-694E-92B4-A9E700014D03"/>
</associations>
</Column>
<Column name="ID_SUPERVISOR" id="B4BCBAF9-1109-D58F-EF17-7FC4DEAD6C79">
<sourceConnName>XE</sourceConnName>
<sourceObjSchema>MEDICO</sourceObjSchema>
<sourceObjName>ID_SUPERVISOR</sourceObjName>
<createdBy>exequ</createdBy>
<createdTime>2025-09-16 01:10:39 UTC</createdTime>
<ownerDesignName>s2exp4</ownerDesignName>
<nullsAllowed>true</nullsAllowed>
<useDomainConstraints>false</useDomainConstraints>
<use>1</use>
<logicalDatatype>LOGDT019</logicalDatatype>
<dataTypePrecision>10</dataTypePrecision>
<dataTypeScale>0</dataTypeScale>
<ownDataTypeParameters>,,0</ownDataTypeParameters>
<autoIncrementCycle>false</autoIncrementCycle>
<associations>
<colAssociation fkAssociation="C1FA26FD-8603-DCEC-C114-331ED2E7F611" referredColumn="1B8A646A-71DF-2C81-354E-3593379B7760"/>
</associations>
</Column>
</columns>
<indexes itemClass="oracle.dbtools.crest.model.design.relational.Index">
<ind_PK_UK id="F011192B-FA8E-624F-A0B1-3D54F89DB0A8" schemaObject="6263E261-1A61-1DBD-B5DE-D09A27ABAFCE" name="MEDICO_PK">
<sourceConnName>XE</sourceConnName>
<sourceObjSchema>SYSTEM</sourceObjSchema>
<sourceObjName>SYS_C008468</sourceObjName>
<createdBy>exequ</createdBy>
<createdTime>2025-09-16 01:10:39 UTC</createdTime>
<ownerDesignName>s2exp4</ownerDesignName>
<pk>true</pk>
<indexState>Primary Constraint</indexState>
<isSurrogateKey>false</isSurrogateKey>
<indexColumnUsage>
<colUsage columnID="1B8A646A-71DF-2C81-354E-3593379B7760"/>
</indexColumnUsage>
</ind_PK_UK>
<ind_PK_UK id="1EAA74D4-A611-E4C6-126E-312B0A94BD15" schemaObject="6263E261-1A61-1DBD-B5DE-D09A27ABAFCE" name="MEDICO_RUT_MEDICO_UN">
<sourceConnName>XE</sourceConnName>
<sourceObjSchema>SYSTEM</sourceObjSchema>
<sourceObjName>SYS_C008469</sourceObjName>
<createdBy>exequ</createdBy>
<createdTime>2025-09-16 01:10:39 UTC</createdTime>
<ownerDesignName>s2exp4</ownerDesignName>
<indexState>Unique Constraint</indexState>
<isSurrogateKey>false</isSurrogateKey>
<indexColumnUsage>
<colUsage columnID="3B174377-2240-D464-F08E-6F82632D605D"/>
</indexColumnUsage>
</ind_PK_UK>
<ind_PK_UK id="C088BC5A-E87E-511D-640B-F3711105D4DA" name="MEDICO_AFP_FK">
<createdBy>exequ</createdBy>
<createdTime>2025-09-16 01:10:41 UTC</createdTime>
<ownerDesignName>s2exp4</ownerDesignName>
<indexState>Foreign Key</indexState>
<isSurrogateKey>false</isSurrogateKey>
<indexColumnUsage>
<colUsage columnID="1C4AF831-F740-1392-0468-7B32C1759453"/>
</indexColumnUsage>
</ind_PK_UK>
<ind_PK_UK id="D4348B1B-FF6D-548B-2E67-E9057CBB4D97" name="MEDICO_ESPECIALIDAD_FK">
<createdBy>exequ</createdBy>
<createdTime>2025-09-16 01:10:41 UTC</createdTime>
<ownerDesignName>s2exp4</ownerDesignName>
<indexState>Foreign Key</indexState>
<isSurrogateKey>false</isSurrogateKey>
<indexColumnUsage>
<colUsage columnID="F79C3AE7-7204-DFF7-8E0A-679F98BED01A"/>
</indexColumnUsage>
</ind_PK_UK>
<ind_PK_UK id="4E06E4B2-2782-1728-1D40-E008E8ED8FE2" name="MEDICO_INSTITUCION_FK">
<createdBy>exequ</createdBy>
<createdTime>2025-09-16 01:10:41 UTC</createdTime>
<ownerDesignName>s2exp4</ownerDesignName>
<indexState>Foreign Key</indexState>
<isSurrogateKey>false</isSurrogateKey>
<indexColumnUsage>
<colUsage columnID="CE9B2A24-5643-AD0C-4E11-F8EA1E207B42"/>
</indexColumnUsage>
</ind_PK_UK>
<ind_PK_UK id="034538D5-F5E6-4CBF-F226-3DC1CB74689D" name="MEDICO_SUPERVISOR_FK">
<createdBy>exequ</createdBy>
<createdTime>2025-09-16 01:10:41 UTC</createdTime>
<ownerDesignName>s2exp4</ownerDesignName>
<indexState>Foreign Key</indexState>
<isSurrogateKey>false</isSurrogateKey>
<indexColumnUsage>
<colUsage columnID="B4BCBAF9-1109-D58F-EF17-7FC4DEAD6C79"/>
</indexColumnUsage>
</ind_PK_UK>
<ind_PK_UK id="6A0C0BA1-6F8D-2313-9C36-8B4847EE11EA" name="MEDICO_UNIDAD_FK">
<createdBy>exequ</createdBy>
<createdTime>2025-09-16 01:10:41 UTC</createdTime>
<ownerDesignName>s2exp4</ownerDesignName>
<indexState>Foreign Key</indexState>
<isSurrogateKey>false</isSurrogateKey>
<indexColumnUsage>
<colUsage columnID="93E7BD20-B7A5-F2D6-F52E-1CD59BAFD538"/>
</indexColumnUsage>
</ind_PK_UK>
</indexes>
</Table>