<?xml version = '1.0' encoding = 'UTF-8'?>
<Diagram class="oracle.dbtools.crest.swingui.relational.DPVRelational" name="Relational_1" id="3D226106-27B5-5CF9-7C2E-DF3D1A1BE2C7">
<createdBy>exequ</createdBy>
<modifiedBy>exequ</modifiedBy>
<createdTime>2025-09-16 01:10:39 UTC</createdTime>
<autoRoute>false</autoRoute>
<boxInbox>true</boxInbox>
<showLegend>false</showLegend>
<showLabels>false</showLabels>
<showRelAttributes>false</showRelAttributes>
<gridEnabled>false</gridEnabled>
<showGrid>false</showGrid>
<diagramColor>-1</diagramColor>
<display>false</display>
<notation>1</notation>
<objectViews>
<OView class="oracle.dbtools.crest.swingui.relational.TVTable" oid="06FDB78C-14E9-DB94-1D5C-32794EBCA40A" otype="Table" vid="A8FA6DC2-1698-7D0A-57B5-E8885EAEE816">
<hideElementsInCurrentOnly>false</hideElementsInCurrentOnly>
<bounds x="20" y="188" width="265" height="192"/>
</OView>
<OView class="oracle.dbtools.crest.swingui.relational.TVTable" oid="0FC29729-D21C-125C-909F-93602CC1ED84" otype="Table" vid="53D3347F-708D-5617-3CC3-D74BB4A9B2EF">
<hideElementsInCurrentOnly>false</hideElementsInCurrentOnly>
<bounds x="1093" y="440" width="237" height="74"/>
</OView>
<OView class="oracle.dbtools.crest.swingui.relational.TVTable" oid="172BF49D-A531-57FF-987C-571369B68105" otype="Table" vid="A85B8493-AEF9-62D1-D60C-B06C0623FDDC">
<hideElementsInCurrentOnly>false</hideElementsInCurrentOnly>
<bounds x="20" y="440" width="278" height="136"/>
</OView>
<OView class="oracle.dbtools.crest.swingui.relational.TVTable" oid="1B1C2DBC-CB53-85E1-DDCD-A6C01FEF75FF" otype="Table" vid="CA292A38-C949-6AAF-2F31-0A69974F04E0">
<hideElementsInCurrentOnly>false</hideElementsInCurrentOnly>
<bounds x="1430" y="636" width="228" height="74"/>
</OView>
<OView class="oracle.dbtools.crest.swingui.relational.TVTable" oid="213F5B5D-CAA6-601D-7618-01AF210CF85F" otype="Table" vid="33F603E9-EDF1-057E-2DBD-866A5B51C012">
<hideElementsInCurrentOnly>false</hideElementsInCurrentOnly>
<bounds x="1093" y="628" width="252" height="74"/>
</OView>
<OView class="oracle.dbtools.crest.swingui.relational.TVTable" oid="3D40E369-09D4-4375-EE84-3208BCF6A3D2" otype="Table" vid="7EA2C604-3DA3-6416-9B0E-9E53F44AC4FE">
<hideElementsInCurrentOnly>false</hideElementsInCurrentOnly>
<bounds x="1093" y="534" width="257" height="74"/>
</OView>
<OView class="oracle.dbtools.crest.swingui.relational.TVTable" oid="3F7292EA-03AB-11E9-5DAF-F31664FCE517" otype="Table" vid="1845E88C-DBCC-7F68-EC50-37392D7BC489">
<hideElementsInCurrentOnly>false</hideElementsInCurrentOnly>
<bounds x="20" y="20" width="302" height="108"/>
</OView>
<OView class="oracle.dbtools.crest.swingui.relational.TVTable" oid="4047F44E-6E84-37CC-BB15-3AC280278558" otype="Table" vid="3F36D59F-048E-98C5-9BF7-1620F51A71C6">
<hideElementsInCurrentOnly>false</hideElementsInCurrentOnly>
<bounds x="1430" y="188" width="280" height="220"/>
</OView>
<OView class="oracle.dbtools.crest.swingui.relational.TVTable" oid="509C4944-C276-B36D-C471-54376DACB974" otype="Table" vid="E9CBD756-BB4E-736D-D23C-62FED654DDEA">
<hideElementsInCurrentOnly>false</hideElementsInCurrentOnly>
<bounds x="378" y="440" width="279" height="108"/>
</OView>
<OView class="oracle.dbtools.crest.swingui.relational.TVTable" oid="5304DE5D-9AE9-CD47-7582-35441E03E0AA" otype="Table" vid="950151FA-0495-AF7C-D8F0-C7EEA04AE49F">
<hideElementsInCurrentOnly>false</hideElementsInCurrentOnly>
<bounds x="402" y="20" width="277" height="102"/>
</OView>
<OView class="oracle.dbtools.crest.swingui.relational.TVTable" oid="66512771-24DE-A451-FBC7-2BE3A22D3622" otype="Table" vid="773A1E42-5AE8-F0A3-2160-D61571C7DD1E">
<hideElementsInCurrentOnly>false</hideElementsInCurrentOnly>
<bounds x="737" y="790" width="220" height="74"/>
</OView>
<OView class="oracle.dbtools.crest.swingui.relational.TVTable" oid="922620E1-2C8A-B526-DBA1-3FD5A92A5C92" otype="Table" vid="BB853CF7-980E-9EE8-9827-BFC6491A53CB">
<hideElementsInCurrentOnly>false</hideElementsInCurrentOnly>
<bounds x="20" y="636" width="363" height="136"/>
</OView>
<OView class="oracle.dbtools.crest.swingui.relational.TVTable" oid="966C4C7A-0FB6-AD0E-051A-23F502F1B0F3" otype="Table" vid="6F3BF633-195F-A5A9-DFF2-02C3267594D6">
<hideElementsInCurrentOnly>false</hideElementsInCurrentOnly>
<bounds x="1430" y="468" width="233" height="108"/>
</OView>
<OView class="oracle.dbtools.crest.swingui.relational.TVTable" oid="FBA28A5A-8600-B9E8-54DA-85416B13D46E" otype="Table" vid="29C340F7-74F0-3619-EEFF-4D405104FB89">
<hideElementsInCurrentOnly>false</hideElementsInCurrentOnly>
<bounds x="737" y="440" width="276" height="290"/>
</OView>
</objectViews>
<connectors>
<Connector class="oracle.dbtools.crest.swingui.relational.TVFKRelation" oid="1DF157DA-CBEA-306B-1CD9-81919EDAB2C7" otype="FKIndexAssociation" vid_source="A85B8493-AEF9-62D1-D60C-B06C0623FDDC" vid_target="E9CBD756-BB4E-736D-D23C-62FED654DDEA">
<hideElementsInCurrentOnly>false</hideElementsInCurrentOnly>
<backgroundColor>-16777216</backgroundColor>
<lineWidth>1</lineWidth>
<points>
<point x="471" y="357"/>
<point x="378" y="494"/>
</points>
</Connector>
<Connector class="oracle.dbtools.crest.swingui.relational.TVFKRelation" oid="2F8011CA-6015-CE7F-2E12-878907EA0B14" otype="FKIndexAssociation" vid_source="950151FA-0495-AF7C-D8F0-C7EEA04AE49F" vid_target="1845E88C-DBCC-7F68-EC50-37392D7BC489">
<hideElementsInCurrentOnly>false</hideElementsInCurrentOnly>
<backgroundColor>-16777216</backgroundColor>
<lineWidth>1</lineWidth>
<points>
<point x="982" y="71"/>
<point x="322" y="71"/>
</points>
</Connector>
<Connector class="oracle.dbtools.crest.swingui.relational.TVFKRelation" oid="3213BD77-5D79-7CF6-B633-F9F6AE1FBE4C" otype="FKIndexAssociation" vid_source="A8FA6DC2-1698-7D0A-57B5-E8885EAEE816" vid_target="A85B8493-AEF9-62D1-D60C-B06C0623FDDC">
<hideElementsInCurrentOnly>false</hideElementsInCurrentOnly>
<backgroundColor>-16777216</backgroundColor>
<lineWidth>1</lineWidth>
<points>
<point x="600" y="289"/>
<point x="152" y="440"/>
</points>
</Connector>
<Connector class="oracle.dbtools.crest.swingui.relational.TVFKRelation" oid="3574A796-D6A3-E0FB-0F98-31B05C093DA7" otype="FKIndexAssociation" vid_source="53D3347F-708D-5617-3CC3-D74BB4A9B2EF" vid_target="29C340F7-74F0-3619-EEFF-4D405104FB89">
<hideElementsInCurrentOnly>false</hideElementsInCurrentOnly>
<backgroundColor>-16777216</backgroundColor>
<lineWidth>1</lineWidth>
<points>
<point x="1098" y="477"/>
<point x="1013" y="477"/>
</points>
</Connector>
<Connector class="oracle.dbtools.crest.swingui.relational.TVFKRelation" oid="4685294E-047A-9940-B94E-1C0A6CA1B203" otype="FKIndexAssociation" vid_source="6F3BF633-195F-A5A9-DFF2-02C3267594D6" vid_target="3F36D59F-048E-98C5-9BF7-1620F51A71C6">
<hideElementsInCurrentOnly>false</hideElementsInCurrentOnly>
<backgroundColor>-16777216</backgroundColor>
<lineWidth>1</lineWidth>
<points>
<point x="1551" y="468"/>
<point x="1546" y="408"/>
</points>
</Connector>
<Connector class="oracle.dbtools.crest.swingui.relational.TVFKRelation" oid="613364D6-1528-0657-C627-B5714E275217" otype="FKIndexAssociation" vid_source="CA292A38-C949-6AAF-2F31-0A69974F04E0" vid_target="6F3BF633-195F-A5A9-DFF2-02C3267594D6">
<hideElementsInCurrentOnly>false</hideElementsInCurrentOnly>
<backgroundColor>-16777216</backgroundColor>
<lineWidth>1</lineWidth>
<points>
<point x="772" y="537"/>
<point x="1544" y="576"/>
</points>
</Connector>
<Connector class="oracle.dbtools.crest.swingui.relational.TVFKRelation" oid="68FD6996-0F68-4099-35BE-3B614AB07985" otype="FKIndexAssociation" vid_source="A85B8493-AEF9-62D1-D60C-B06C0623FDDC" vid_target="BB853CF7-980E-9EE8-9827-BFC6491A53CB">
<hideElementsInCurrentOnly>false</hideElementsInCurrentOnly>
<backgroundColor>-16777216</backgroundColor>
<lineWidth>1</lineWidth>
<points>
<point x="308" y="357"/>
<point x="159" y="636"/>
</points>
</Connector>
<Connector class="oracle.dbtools.crest.swingui.relational.TVFKRelation" oid="69852540-56F3-B096-A1F3-2B0B701DABC8" otype="FKIndexAssociation" vid_source="29C340F7-74F0-3619-EEFF-4D405104FB89" vid_target="A8FA6DC2-1698-7D0A-57B5-E8885EAEE816">
<hideElementsInCurrentOnly>false</hideElementsInCurrentOnly>
<backgroundColor>-16777216</backgroundColor>
<lineWidth>1</lineWidth>
<points>
<point x="737" y="527"/>
<point x="803" y="380"/>
</points>
</Connector>
<Connector class="oracle.dbtools.crest.swingui.relational.TVFKRelation" oid="7D5D9CE4-5893-2AF3-9640-35E1A70E0FB6" otype="FKIndexAssociation" vid_source="A8FA6DC2-1698-7D0A-57B5-E8885EAEE816" vid_target="1845E88C-DBCC-7F68-EC50-37392D7BC489">
<hideElementsInCurrentOnly>false</hideElementsInCurrentOnly>
<backgroundColor>-16777216</backgroundColor>
<lineWidth>1</lineWidth>
<points>
<point x="152" y="188"/>
<point x="732" y="128"/>
</points>
</Connector>
<Connector class="oracle.dbtools.crest.swingui.relational.TVFKRelation" oid="9A746711-299F-44B0-6210-1218D4EBFB8E" otype="FKIndexAssociation" vid_source="773A1E42-5AE8-F0A3-2160-D61571C7DD1E" vid_target="29C340F7-74F0-3619-EEFF-4D405104FB89">
<hideElementsInCurrentOnly>false</hideElementsInCurrentOnly>
<backgroundColor>-16777216</backgroundColor>
<lineWidth>1</lineWidth>
<points>
<point x="852" y="790"/>
<point x="847" y="730"/>
</points>
</Connector>
<Connector class="oracle.dbtools.crest.swingui.relational.TVFKRelation" oid="B0D14DE1-33B3-BB11-75A9-70B972CA5CAB" otype="FKIndexAssociation" vid_source="7EA2C604-3DA3-6416-9B0E-9E53F44AC4FE" vid_target="29C340F7-74F0-3619-EEFF-4D405104FB89">
<hideElementsInCurrentOnly>false</hideElementsInCurrentOnly>
<backgroundColor>-16777216</backgroundColor>
<lineWidth>1</lineWidth>
<points>
<point x="1098" y="571"/>
<point x="1013" y="571"/>
</points>
</Connector>
<Connector class="oracle.dbtools.crest.swingui.relational.TVFKRelation" oid="BB003F5A-086E-92A9-5A69-A43218173149" otype="FKIndexAssociation" vid_source="3F36D59F-048E-98C5-9BF7-1620F51A71C6" vid_target="A8FA6DC2-1698-7D0A-57B5-E8885EAEE816">
<hideElementsInCurrentOnly>false</hideElementsInCurrentOnly>
<backgroundColor>-16777216</backgroundColor>
<lineWidth>1</lineWidth>
<points>
<point x="1435" y="284"/>
<point x="285" y="299"/>
</points>
</Connector>
<Connector class="oracle.dbtools.crest.swingui.relational.TVFKRelation" oid="C1FA26FD-8603-DCEC-C114-331ED2E7F611" otype="FKIndexAssociation" vid_source="29C340F7-74F0-3619-EEFF-4D405104FB89" vid_target="29C340F7-74F0-3619-EEFF-4D405104FB89">
<hideElementsInCurrentOnly>false</hideElementsInCurrentOnly>
<backgroundColor>-16777216</backgroundColor>
<lineWidth>1</lineWidth>
<points>
<point x="1018" y="610"/>
<point x="1043" y="610"/>
<point x="1043" y="755"/>
<point x="904" y="755"/>
<point x="904" y="730"/>
</points>
</Connector>
<Connector class="oracle.dbtools.crest.swingui.relational.TVFKRelation" oid="FF967214-DA90-CF77-BF22-6622CB710D09" otype="FKIndexAssociation" vid_source="33F603E9-EDF1-057E-2DBD-866A5B51C012" vid_target="29C340F7-74F0-3619-EEFF-4D405104FB89">
<hideElementsInCurrentOnly>false</hideElementsInCurrentOnly>
<backgroundColor>-16777216</backgroundColor>
<lineWidth>1</lineWidth>
<points>
<point x="1098" y="665"/>
<point x="1013" y="665"/>
</points>
</Connector>
</connectors>
</Diagram>