<?xml version = '1.0' encoding = 'UTF-8'?>
<Relation class="oracle.dbtools.crest.model.design.logical.Relation" name="ATENCION_MEDICO_FK" directorySegmentName="seg_0" id="00D3EA21-860A-E3F8-50EF-53C05D0F1BAF">
<createdBy>exequ</createdBy>
<createdTime>2025-09-16 01:11:28 UTC</createdTime>
<generatorID>69852540-56F3-B096-A1F3-2B0B701DABC8</generatorID>
<ownerDesignName>s2exp4</ownerDesignName>
<engineerTo>
<item key="122EB8D6-BA77-EF31-DD21-1DCD9BD5E13C" value="true"/>
</engineerTo>
<sourcePk>3EDE11CB-6397-A0A2-1AB9-BF3A5AAFA469</sourcePk>
<identifying>false</identifying>
<optionalSource>true</optionalSource>
<optionalTarget>false</optionalTarget>
<sourceCardinality>1</sourceCardinality>
<sourceEntity>A777A436-B722-24A5-9DB2-7C36C9C2C677</sourceEntity>
<targetCardinalityString>*</targetCardinalityString>
<targetEntity>41579144-E330-F782-0C5D-D6FD0B715A53</targetEntity>
<transferable>true</transferable>
<deleteRule>NO ACTION</deleteRule>
</Relation>