<?xml version = '1.0' encoding = 'UTF-8'?>
<Relation class="oracle.dbtools.crest.model.design.logical.Relation" name="MEDIO_PAGO_ATENCION_FK" directorySegmentName="seg_0" id="0352E962-265D-422B-F448-7B8D54590637">
<createdBy>exequ</createdBy>
<createdTime>2025-09-16 01:11:28 UTC</createdTime>
<generatorID>3213BD77-5D79-7CF6-B633-F9F6AE1FBE4C</generatorID>
<ownerDesignName>s2exp4</ownerDesignName>
<engineerTo>
<item key="122EB8D6-BA77-EF31-DD21-1DCD9BD5E13C" value="true"/>
</engineerTo>
<sourcePk>96C99EED-C44E-0314-9AB5-C1DFE35FCE95</sourcePk>
<dominantRole>41579144-E330-F782-0C5D-D6FD0B715A53</dominantRole>
<identifying>false</identifying>
<optionalSource>true</optionalSource>
<optionalTarget>false</optionalTarget>
<sourceCardinality>1</sourceCardinality>
<sourceEntity>41579144-E330-F782-0C5D-D6FD0B715A53</sourceEntity>
<targetCardinalityString>1</targetCardinalityString>
<targetEntity>B4219885-EC04-5727-E92F-4B50B3C67103</targetEntity>
<transferable>true</transferable>
<deleteRule>NO ACTION</deleteRule>
</Relation>