<?xml version = '1.0' encoding = 'UTF-8'?>
<Relation class="oracle.dbtools.crest.model.design.logical.Relation" name="MEDICO_UNIDAD_FK" directorySegmentName="seg_0" id="5A05AD16-EBE2-F4E1-1C09-3AB93EDEB16E">
<createdBy>exequ</createdBy>
<createdTime>2025-09-16 01:11:28 UTC</createdTime>
<generatorID>9A746711-299F-44B0-6210-1218D4EBFB8E</generatorID>
<ownerDesignName>s2exp4</ownerDesignName>
<engineerTo>
<item key="122EB8D6-BA77-EF31-DD21-1DCD9BD5E13C" value="true"/>
</engineerTo>
<sourcePk>2E53987B-592D-EEB7-AB8A-49941DEE0C94</sourcePk>
<identifying>false</identifying>
<optionalSource>true</optionalSource>
<optionalTarget>false</optionalTarget>
<sourceCardinality>1</sourceCardinality>
<sourceEntity>EB9F0054-6B76-DC15-84BE-9285F77B53AB</sourceEntity>
<targetCardinalityString>*</targetCardinalityString>
<targetEntity>A777A436-B722-24A5-9DB2-7C36C9C2C677</targetEntity>
<transferable>true</transferable>
<deleteRule>NO ACTION</deleteRule>
</Relation>