<?xml version = '1.0' encoding = 'UTF-8'?>
<Relation class="oracle.dbtools.crest.model.design.logical.Relation" name="MEDICO_INSTITUCION_FK" directorySegmentName="seg_0" id="5E25E395-760A-6315-B093-DCC09F8FAAA3">
<createdBy>exequ</createdBy>
<createdTime>2025-09-16 01:11:28 UTC</createdTime>
<generatorID>FF967214-DA90-CF77-BF22-6622CB710D09</generatorID>
<ownerDesignName>s2exp4</ownerDesignName>
<engineerTo>
<item key="122EB8D6-BA77-EF31-DD21-1DCD9BD5E13C" value="true"/>
</engineerTo>
<sourcePk>2DD1AD98-07FA-02A2-4F43-04259F05F7B9</sourcePk>
<identifying>false</identifying>
<optionalSource>true</optionalSource>
<optionalTarget>false</optionalTarget>
<sourceCardinality>1</sourceCardinality>
<sourceEntity>EE2464B1-DFCB-6868-77BC-AD221DE95FC6</sourceEntity>
<targetCardinalityString>*</targetCardinalityString>
<targetEntity>A777A436-B722-24A5-9DB2-7C36C9C2C677</targetEntity>
<transferable>true</transferable>
<deleteRule>NO ACTION</deleteRule>
</Relation>