<?xml version = '1.0' encoding = 'UTF-8'?>
<Relation class="oracle.dbtools.crest.model.design.logical.Relation" name="MEDICO_ESPECIALIDAD_FK" directorySegmentName="seg_0" id="66033555-D7B0-1FB4-BCA6-08CF48C1705D">
<createdBy>exequ</createdBy>
<createdTime>2025-09-16 01:11:28 UTC</createdTime>
<generatorID>B0D14DE1-33B3-BB11-75A9-70B972CA5CAB</generatorID>
<ownerDesignName>s2exp4</ownerDesignName>
<engineerTo>
<item key="122EB8D6-BA77-EF31-DD21-1DCD9BD5E13C" value="true"/>
</engineerTo>
<sourcePk>80F5A72F-8574-8F00-A38D-A7A9E7823910</sourcePk>
<identifying>false</identifying>
<optionalSource>true</optionalSource>
<optionalTarget>false</optionalTarget>
<sourceCardinality>1</sourceCardinality>
<sourceEntity>DE8D127F-74D4-D97F-7A53-F47045EDF2B0</sourceEntity>
<targetCardinalityString>*</targetCardinalityString>
<targetEntity>A777A436-B722-24A5-9DB2-7C36C9C2C677</targetEntity>
<transferable>true</transferable>
<deleteRule>NO ACTION</deleteRule>
</Relation>