<?xml version = '1.0' encoding = 'UTF-8'?>
<Relation class="oracle.dbtools.crest.model.design.logical.Relation" name="MEDICO_AFP_FK" directorySegmentName="seg_0" id="AF0272FA-A731-4CA3-1DDD-AD806CF79D78">
<createdBy>exequ</createdBy>
<createdTime>2025-09-16 01:11:28 UTC</createdTime>
<generatorID>3574A796-D6A3-E0FB-0F98-31B05C093DA7</generatorID>
<ownerDesignName>s2exp4</ownerDesignName>
<engineerTo>
<item key="122EB8D6-BA77-EF31-DD21-1DCD9BD5E13C" value="true"/>
</engineerTo>
<sourcePk>DB0539C1-B29C-D41B-3480-713B0BBF6618</sourcePk>
<identifying>false</identifying>
<optionalSource>true</optionalSource>
<optionalTarget>false</optionalTarget>
<sourceCardinality>1</sourceCardinality>
<sourceEntity>80F8231A-E535-5D78-5C7E-60E98A1BD0F0</sourceEntity>
<targetCardinalityString>*</targetCardinalityString>
<targetEntity>A777A436-B722-24A5-9DB2-7C36C9C2C677</targetEntity>
<transferable>true</transferable>
<deleteRule>NO ACTION</deleteRule>
</Relation>