<?xml version = '1.0' encoding = 'UTF-8'?>
<Relation class="oracle.dbtools.crest.model.design.logical.Relation" name="ATENCION_EXAMEN_ATENCION_FK" directorySegmentName="seg_0" id="B533EDC6-C87C-69D3-992C-49047FB76496">
<createdBy>exequ</createdBy>
<createdTime>2025-09-16 01:11:28 UTC</createdTime>
<generatorID>7D5D9CE4-5893-2AF3-9640-35E1A70E0FB6</generatorID>
<ownerDesignName>s2exp4</ownerDesignName>
<engineerTo>
<item key="122EB8D6-BA77-EF31-DD21-1DCD9BD5E13C" value="true"/>
</engineerTo>
<sourcePk>96C99EED-C44E-0314-9AB5-C1DFE35FCE95</sourcePk>
<identifying>false</identifying>
<optionalSource>true</optionalSource>
<optionalTarget>false</optionalTarget>
<sourceCardinality>1</sourceCardinality>
<sourceEntity>41579144-E330-F782-0C5D-D6FD0B715A53</sourceEntity>
<targetCardinalityString>*</targetCardinalityString>
<targetEntity>DC53F3DB-3543-0D62-0AFF-15430CC25968</targetEntity>
<transferable>true</transferable>
<deleteRule>NO ACTION</deleteRule>
</Relation>