<?xml version = '1.0' encoding = 'UTF-8'?>
<Relation class="oracle.dbtools.crest.model.design.logical.Relation" name="ATENCION_EXAMEN_EXAMEN_FK" directorySegmentName="seg_0" id="C4074A9B-2463-21CB-3D2B-603637B7AA47">
<createdBy>exequ</createdBy>
<createdTime>2025-09-16 01:11:28 UTC</createdTime>
<generatorID>2F8011CA-6015-CE7F-2E12-878907EA0B14</generatorID>
<ownerDesignName>s2exp4</ownerDesignName>
<engineerTo>
<item key="122EB8D6-BA77-EF31-DD21-1DCD9BD5E13C" value="true"/>
</engineerTo>
<sourcePk>27E4D2D9-1866-06F9-E03F-DCF4B6CE6286</sourcePk>
<identifying>true</identifying>
<optionalSource>true</optionalSource>
<optionalTarget>false</optionalTarget>
<sourceCardinality>1</sourceCardinality>
<sourceEntity>3EE42B27-692E-92D9-B7F3-BA172FD82BDC</sourceEntity>
<targetCardinalityString>*</targetCardinalityString>
<targetEntity>DC53F3DB-3543-0D62-0AFF-15430CC25968</targetEntity>
<transferable>true</transferable>
<deleteRule>NO ACTION</deleteRule>
</Relation>