<?xml version = '1.0' encoding = 'UTF-8'?>
<Relation class="oracle.dbtools.crest.model.design.logical.Relation" name="ATENCION_PACIENTE_FK" directorySegmentName="seg_0" id="C9A6EF7A-4616-7B20-5061-4C2FA5FA443C">
<createdBy>exequ</createdBy>
<createdTime>2025-09-16 01:11:28 UTC</createdTime>
<generatorID>BB003F5A-086E-92A9-5A69-A43218173149</generatorID>
<ownerDesignName>s2exp4</ownerDesignName>
<engineerTo>
<item key="122EB8D6-BA77-EF31-DD21-1DCD9BD5E13C" value="true"/>
</engineerTo>
<sourcePk>0D72C451-2E11-1DCF-DC6F-3AEE61D03CE5</sourcePk>
<identifying>false</identifying>
<optionalSource>true</optionalSource>
<optionalTarget>false</optionalTarget>
<sourceCardinality>1</sourceCardinality>
<sourceEntity>F90BE8DD-460D-37E0-5251-A3B05F4677BA</sourceEntity>
<targetCardinalityString>*</targetCardinalityString>
<targetEntity>41579144-E330-F782-0C5D-D6FD0B715A53</targetEntity>
<transferable>true</transferable>
<deleteRule>NO ACTION</deleteRule>
</Relation>