<?xml version = '1.0' encoding = 'UTF-8'?>
<Relation class="oracle.dbtools.crest.model.design.logical.Relation" name="PACIENTE_COMUNA_FK" directorySegmentName="seg_0" id="D6D0976E-045F-16B6-A190-A69FC3CDD90B">
<createdBy>exequ</createdBy>
<createdTime>2025-09-16 01:11:28 UTC</createdTime>
<generatorID>4685294E-047A-9940-B94E-1C0A6CA1B203</generatorID>
<ownerDesignName>s2exp4</ownerDesignName>
<engineerTo>
<item key="122EB8D6-BA77-EF31-DD21-1DCD9BD5E13C" value="true"/>
</engineerTo>
<sourcePk>F487FBD3-AA9D-D4F0-CCE0-746E0C319FC4</sourcePk>
<identifying>false</identifying>
<optionalSource>true</optionalSource>
<optionalTarget>false</optionalTarget>
<sourceCardinality>1</sourceCardinality>
<sourceEntity>E1E01A0F-5CF6-47A8-1FD4-B13BAE6416C8</sourceEntity>
<targetCardinalityString>*</targetCardinalityString>
<targetEntity>F90BE8DD-460D-37E0-5251-A3B05F4677BA</targetEntity>
<transferable>true</transferable>
<deleteRule>NO ACTION</deleteRule>
</Relation>