<?xml version = '1.0' encoding = 'UTF-8'?>
<Relation class="oracle.dbtools.crest.model.design.logical.Relation" name="PAGO_CONVENIO_MEDIO_FK" directorySegmentName="seg_0" id="E0D03317-2220-EC5C-9B3F-569215490E27">
<createdBy>exequ</createdBy>
<createdTime>2025-09-16 01:11:28 UTC</createdTime>
<generatorID>1DF157DA-CBEA-306B-1CD9-81919EDAB2C7</generatorID>
<ownerDesignName>s2exp4</ownerDesignName>
<engineerTo>
<item key="122EB8D6-BA77-EF31-DD21-1DCD9BD5E13C" value="true"/>
</engineerTo>
<sourcePk>9B15FFFF-88BD-399E-E6B3-06BA9874784E</sourcePk>
<dominantRole>B4219885-EC04-5727-E92F-4B50B3C67103</dominantRole>
<identifying>true</identifying>
<optionalSource>true</optionalSource>
<optionalTarget>false</optionalTarget>
<sourceCardinality>1</sourceCardinality>
<sourceEntity>B4219885-EC04-5727-E92F-4B50B3C67103</sourceEntity>
<targetCardinalityString>1</targetCardinalityString>
<targetEntity>65140C1F-87B8-7875-7B40-3EC2B91DB38D</targetEntity>
<transferable>true</transferable>
<deleteRule>NO ACTION</deleteRule>
</Relation>