<?xml version = '1.0' encoding = 'UTF-8'?>
<Relation class="oracle.dbtools.crest.model.design.logical.Relation" name="MEDICO_SUPERVISOR_FK" directorySegmentName="seg_0" id="F1D32665-C4B2-1AD7-E075-AF82F69C8C39">
<createdBy>exequ</createdBy>
<createdTime>2025-09-16 01:11:28 UTC</createdTime>
<generatorID>C1FA26FD-8603-DCEC-C114-331ED2E7F611</generatorID>
<ownerDesignName>s2exp4</ownerDesignName>
<engineerTo>
<item key="122EB8D6-BA77-EF31-DD21-1DCD9BD5E13C" value="true"/>
</engineerTo>
<targetPk>3EDE11CB-6397-A0A2-1AB9-BF3A5AAFA469</targetPk>
<identifying>false</identifying>
<optionalSource>true</optionalSource>
<optionalTarget>true</optionalTarget>
<sourceCardinality>1</sourceCardinality>
<sourceEntity>A777A436-B722-24A5-9DB2-7C36C9C2C677</sourceEntity>
<targetCardinalityString>*</targetCardinalityString>
<targetEntity>A777A436-B722-24A5-9DB2-7C36C9C2C677</targetEntity>
<transferable>true</transferable>
<deleteRule>NO ACTION</deleteRule>
</Relation>