<?xml version = '1.0' encoding = 'UTF-8'?>
<Relation class="oracle.dbtools.crest.model.design.logical.Relation" name="COMUNA_REGION_FK" directorySegmentName="seg_0" id="F7BE1053-B379-4CD8-FD73-874D48F6539B">
<createdBy>exequ</createdBy>
<createdTime>2025-09-16 01:11:28 UTC</createdTime>
<generatorID>613364D6-1528-0657-C627-B5714E275217</generatorID>
<ownerDesignName>s2exp4</ownerDesignName>
<engineerTo>
<item key="122EB8D6-BA77-EF31-DD21-1DCD9BD5E13C" value="true"/>
</engineerTo>
<sourcePk>F9F8B23C-6E22-E200-18BA-2C8333E6A4F7</sourcePk>
<identifying>false</identifying>
<optionalSource>true</optionalSource>
<optionalTarget>false</optionalTarget>
<sourceCardinality>1</sourceCardinality>
<sourceEntity>F986F29D-2F4E-0BED-127F-342D1A890264</sourceEntity>
<targetCardinalityString>*</targetCardinalityString>
<targetEntity>E1E01A0F-5CF6-47A8-1FD4-B13BAE6416C8</targetEntity>
<transferable>true</transferable>
<deleteRule>NO ACTION</deleteRule>
</Relation>