<?xml version = '1.0' encoding = 'UTF-8'?>
<Relation class="oracle.dbtools.crest.model.design.logical.Relation" name="PAGO_TARJETA_MEDIO_FK" directorySegmentName="seg_0" id="FE3161F6-9147-E3BE-AC98-8FD9D40077D9">
<createdBy>exequ</createdBy>
<createdTime>2025-09-16 01:11:28 UTC</createdTime>
<generatorID>68FD6996-0F68-4099-35BE-3B614AB07985</generatorID>
<ownerDesignName>s2exp4</ownerDesignName>
<engineerTo>
<item key="122EB8D6-BA77-EF31-DD21-1DCD9BD5E13C" value="true"/>
</engineerTo>
<sourcePk>9B15FFFF-88BD-399E-E6B3-06BA9874784E</sourcePk>
<dominantRole>B4219885-EC04-5727-E92F-4B50B3C67103</dominantRole>
<identifying>true</identifying>
<optionalSource>true</optionalSource>
<optionalTarget>false</optionalTarget>
<sourceCardinality>1</sourceCardinality>
<sourceEntity>B4219885-EC04-5727-E92F-4B50B3C67103</sourceEntity>
<targetCardinalityString>1</targetCardinalityString>
<targetEntity>CC549482-BE59-66B1-4FB7-EF81A2F6D6B6</targetEntity>
<transferable>true</transferable>
<deleteRule>NO ACTION</deleteRule>
</Relation>